Date,Close,Position
2016-01-04,0.7895877957344055,0
2016-01-05,0.8022720217704773,0
2016-01-06,0.769098162651062,0
2016-01-07,0.7386074066162109,0
2016-01-08,0.7227520942687988,0
2016-01-11,0.7239717245101929,0
2016-01-12,0.7361680269241333,0
2016-01-13,0.713726818561554,0
2016-01-14,0.6993350982666016,0
2016-01-15,0.6612828373908997,0
2016-01-19,0.6666492819786072,0
2016-01-20,0.6703080534934998,0
2016-01-21,0.6781137585639954,0
2016-01-22,0.6939689517021179,0
2016-01-25,0.6932368874549866,0
2016-01-26,0.700066864490509,0
2016-01-27,0.6917735934257507,0
2016-01-28,0.684211790561676,0
2016-01-29,0.7144586443901062,0
2016-02-01,0.7147025465965271,0
2016-02-02,0.6844559907913208,-2
2016-02-03,0.6878708600997925,0
2016-02-04,0.6881146430969238,0
2016-02-05,0.6446958780288696,0
2016-02-08,0.615181028842926,0
2016-02-09,0.6217668652534485,0
2016-02-10,0.6203032732009888,0
2016-02-11,0.6171321868896484,0
2016-02-12,0.6276209950447083,0
2016-02-16,0.6583557724952698,0
2016-02-17,0.6746986508369446,0
2016-02-18,0.7327530384063721,0
2016-02-19,0.742510199546814,0
2016-02-22,0.768854022026062,0
2016-02-23,0.7708055377006531,0
2016-02-24,0.7761717438697815,0
2016-02-25,0.7778792381286621,0
2016-02-26,0.772756814956665,0
2016-02-29,0.7677379846572876,0
2016-03-01,0.8017674684524536,0
2016-03-02,0.806418776512146,0
2016-03-03,0.7993192076683044,2
2016-03-04,0.7968710064888,0
2016-03-07,0.7917301058769226,0
2016-03-08,0.7772859334945679,0
2016-03-09,0.7767963409423828,0
2016-03-10,0.7755722403526306,0
2016-03-11,0.7887923717498779,0
2016-03-14,0.7907507419586182,0
2016-03-15,0.7868337631225586,0
2016-03-16,0.8103359341621399,0
2016-03-17,0.8034811019897461,0
2016-03-18,0.8277177810668945,0
2016-03-21,0.8301659822463989,0
2016-03-22,0.8286969065666199,0
2016-03-23,0.8428964614868164,0
2016-03-24,0.8441203236579895,0
2016-03-28,0.8526886701583862,0
2016-03-29,0.8663985133171082,0
2016-03-30,0.8754565119743347,0
2016-03-31,0.8722740411758423,0
2016-04-01,0.8850044012069702,0
2016-04-04,0.8764358162879944,0
2016-04-05,0.8752118945121765,0
2016-04-06,0.8764358162879944,0
2016-04-07,0.8673776984214783,0
2016-04-08,0.8730083107948303,0
2016-04-11,0.8783942461013794,0
2016-04-12,0.8774151802062988,0
2016-04-13,0.8994483947753906,0
2016-04-14,0.901896595954895,0
2016-04-15,0.9089964032173156,0
2016-04-18,0.9050791263580322,0
2016-04-19,0.8889215588569641,0
2016-04-20,0.8923489451408386,0
2016-04-21,0.8913695216178894,0
2016-04-22,0.8879421353340149,0
2016-04-25,0.8923489451408386,0
2016-04-26,0.8930832743644714,0
2016-04-27,0.9134027361869812,0
2016-04-28,0.8862282037734985,0
2016-04-29,0.8698256015777588,0
2016-05-02,0.8813321590423584,0
2016-05-03,0.8708052635192871,0
2016-05-04,0.8509753346443176,0
2016-05-05,0.8561164140701294,0
2016-05-06,0.8649296760559082,0
2016-05-09,0.863705575466156,0
2016-05-10,0.8803530335426331,0
2016-05-11,0.8828010559082031,0
2016-05-12,0.8708052635192871,0
2016-05-13,1.0032496452331543,0
2016-05-16,1.032872200012207,0
2016-05-17,1.035076141357422,0
2016-05-18,1.0615155696868896,0
2016-05-19,1.066167235374451,0
2016-05-20,1.0852627754211426,0
2016-05-23,1.086976170539856,0
2016-05-24,1.1133620738983154,0
2016-05-25,1.108699083328247,0
2016-05-26,1.120480179786682,0
2016-05-27,1.126616358757019,0
2016-05-31,1.146743655204773,0
2016-06-01,1.1489524841308594,0
2016-06-02,1.157052516937256,0
2016-06-03,1.140852451324463,0
2016-06-06,1.1349620819091797,0
2016-06-07,1.137170910835266,0
2016-06-08,1.1334887742996216,0
2016-06-09,1.162942886352539,0
2016-06-10,1.1339800357818604,0
2016-06-13,1.1484616994857788,0
2016-06-14,1.1506701707839966,0
2016-06-15,1.1624523401260376,0
2016-06-16,1.1671158075332642,0
2016-06-17,1.146743655204773,0
2016-06-20,1.1673611402511597,0
2016-06-21,1.160243034362793,0
2016-06-22,1.1592614650726318,0
2016-06-23,1.1901878118515017,0
2016-06-24,1.1224433183670044,0
2016-06-27,1.1104167699813845,0
2016-06-28,1.126616358757019,0
2016-06-29,1.145025372505188,0
2016-06-30,1.15386164188385,0
2016-07-01,1.1452703475952148,0
2016-07-05,1.1622068881988523,0
2016-07-06,1.1695704460144043,0
2016-07-07,1.2000062465667725,0
2016-07-08,1.2481141090393066,0
2016-07-11,1.2768319845199585,0
2016-07-12,1.2959771156311035,0
2016-07-13,1.2954860925674438,0
2016-07-14,1.308740258216858,0
2016-07-15,1.2935227155685425,0
2016-07-18,1.300149917602539,0
2016-07-19,1.3136495351791382,0
2016-07-20,1.3308312892913818,0
2016-07-21,1.3062858581542969,0
2016-07-22,1.341876745223999,0
2016-07-25,1.3666667938232422,0
2016-07-26,1.3899846076965332,0
2016-07-27,1.3759939670562744,0
2016-07-28,1.3789393901824951,0
2016-07-29,1.4015204906463623,0
2016-08-01,1.392438888549805,0
2016-08-02,1.3755033016204834,0
2016-08-03,1.3791850805282593,0
2016-08-04,1.404711365699768,0
2016-08-05,1.428520441055298,0
2016-08-08,1.4417744874954224,0
2016-08-09,1.4454561471939087,0
2016-08-10,1.4361292123794556,0
2016-08-11,1.465337872505188,0
2016-08-12,1.5473177433013916,0
2016-08-15,1.545845627784729,0
2016-08-16,1.5365185737609863,0
2016-08-17,1.5009279251098633,0
2016-08-18,1.5242457389831543,0
2016-08-19,1.5281729698181152,0
2016-08-22,1.5345542430877686,0
2016-08-23,1.546972632408142,0
2016-08-24,1.5231200456619265,0
2016-08-25,1.5130382776260376,0
2016-08-26,1.5253331661224363,0
2016-08-29,1.5243496894836426,0
2016-08-30,1.515496850013733,0
2016-08-31,1.5083658695220947,0
2016-09-01,1.5528743267059326,0
2016-09-02,1.537628173828125,0
2016-09-06,1.5521365404129028,0
2016-09-07,1.52926766872406,0
2016-09-08,1.5403333902359009,0
2016-09-09,1.4636121988296509,0
2016-09-12,1.493857741355896,0
2016-09-13,1.472218036651611,0
2016-09-14,1.4852513074874878,0
2016-09-15,1.5415629148483276,0
2016-09-16,1.5452512502670288,0
2016-09-19,1.5656613111495972,0
2016-09-20,1.551398992538452,0
2016-09-21,1.5949240922927856,0
2016-09-22,1.59885835647583,0
2016-09-23,1.5971370935440063,0
2016-09-26,1.582136631011963,0
2016-09-27,1.6362358331680298,0
2016-09-28,1.6421371698379517,0
2016-09-29,1.6573830842971802,0
2016-09-30,1.6849238872528076,0
2016-10-03,1.6832029819488523,0
2016-10-04,1.6795142889022827,0
2016-10-05,1.677793025970459,0
2016-10-06,1.655907392501831,0
2016-10-07,1.6438584327697754,0
2016-10-10,1.65000581741333,0
2016-10-11,1.626153588294983,0
2016-10-12,1.6335307359695437,0
2016-10-13,1.6069730520248413,0
2016-10-14,1.6227108240127563,0
2016-10-17,1.6133663654327393,0
2016-10-18,1.6379563808441162,0
2016-10-19,1.6345139741897583,0
2016-10-20,1.6654974222183228,0
2016-10-21,1.6608257293701172,0
2016-10-24,1.7387770414352417,0
2016-10-25,1.767301321029663,0
2016-10-26,1.7744325399398804,0
2016-10-27,1.7380390167236328,0
2016-10-28,1.735088348388672,0
2016-10-31,1.7498421669006348,0
2016-11-01,1.6979565620422363,0
2016-11-02,1.6908254623413086,0
2016-11-03,1.6711536645889282,0
2016-11-04,1.6615631580352783,0
2016-11-07,1.7525469064712524,0
2016-11-08,1.7498421669006348,0
2016-11-09,1.7203339338302612,0
2016-11-10,1.6664817333221436,0
2016-11-11,2.163205146789551,0
2016-11-14,2.0567283630371094,0
2016-11-15,2.1194329261779785,0
2016-11-16,2.253204584121704,0
2016-11-17,2.2718939781188965,0
2016-11-18,2.295745849609375,0
2016-11-21,2.28640079498291,0
2016-11-22,2.3028769493103027,0
2016-11-23,2.314205408096313,0
2016-11-25,2.31888484954834,0
2016-11-28,2.31765365600586,0
2016-11-29,2.296473741531372,0
2016-11-30,2.270615339279175,0
2016-12-01,2.158315896987915,0
2016-12-02,2.178263902664185,0
2016-12-05,2.262734651565552,0
2016-12-06,2.29992151260376,0
2016-12-07,2.3412952423095703,0
2016-12-08,2.302137613296509,0
2016-12-09,2.2612578868865967,0
2016-12-12,2.2063393592834477,0
2016-12-13,2.24524998664856,0
2016-12-14,2.3752808570861816,0
2016-12-15,2.4309372901916504,0
2016-12-16,2.4728031158447266,0
2016-12-19,2.5028483867645264,0
2016-12-20,2.590028524398804,0
2016-12-21,2.606282949447632,0
2016-12-22,2.637805461883545,0
2016-12-23,2.703559398651123,0
2016-12-27,2.8892476558685303,0
2016-12-28,2.690507650375366,0
2016-12-29,2.7441940307617188,0
2016-12-30,2.628693103790283,0
2017-01-03,2.512207269668579,0
2017-01-04,2.57081937789917,0
2017-01-05,2.50555682182312,0
2017-01-06,2.539050817489624,0
2017-01-09,2.641991376876831,0
2017-01-10,2.6220431327819824,0
2017-01-11,2.589782238006592,0
2017-01-12,2.547423839569092,0
2017-01-13,2.547177791595459,0
2017-01-17,2.4900426864624023,0
2017-01-18,2.5353567600250244,0
2017-01-19,2.589782238006592,0
2017-01-20,2.5614612102508545,0
2017-01-23,2.5880584716796875,0
2017-01-24,2.6432225704193115,0
2017-01-25,2.6545519828796387,0
2017-01-26,2.700357437133789,0
2017-01-27,2.7525670528411865,0
2017-01-30,2.70947003364563,0
2017-01-31,2.6887826919555664,0
2017-02-01,2.8062543869018555,0
2017-02-02,2.841717481613159,0
2017-02-03,2.8168439865112305,0
2017-02-06,2.889000654220581,0
2017-02-07,2.933822631835937,0
2017-02-08,2.9210164546966557,0
2017-02-09,2.866097927093506,0
2017-02-10,2.7981274127960205,0
2017-02-13,2.6690826416015625,0
2017-02-14,2.6789326667785645,0
2017-02-15,2.684349536895752,0
2017-02-16,2.641252994537353,0
2017-02-17,2.640760898590088,0
2017-02-21,2.7353289127349854,0
2017-02-22,2.7311365604400635,0
2017-02-23,2.4778974056243896,0
2017-02-24,2.5018155574798584,0
2017-02-27,2.5745577812194824,0
2017-02-28,2.5023083686828613,0
2017-03-01,2.534611463546753,0
2017-03-02,2.44115686416626,0
2017-03-03,2.427100896835327,0
2017-03-06,2.4083619117736816,0
2017-03-07,2.43474555015564,-2
2017-03-08,2.430307149887085,0
2017-03-09,2.429813861846924,0
2017-03-10,2.44411563873291,0
2017-03-13,2.511432886123657,0
2017-03-14,2.509706735610962,0
2017-03-15,2.5286927223205566,0
2017-03-16,2.559762477874756,0
2017-03-17,2.6154894828796387,0
2017-03-20,2.69883394241333,0
2017-03-21,2.6115448474884038,0
2017-03-22,2.664806604385376,0
2017-03-23,2.640641689300537,0
2017-03-24,2.650010585784912,0
2017-03-27,2.669244766235352,0
2017-03-28,2.65543532371521,0
2017-03-29,2.646805763244629,0
2017-03-30,2.6976006031036377,0
2017-03-31,2.686012029647827,0
2017-04-03,2.672450065612793,0
2017-04-04,2.485048055648804,0
2017-04-05,2.466554880142212,0
2017-04-06,2.48455548286438,0
2017-04-07,2.473952054977417,0
2017-04-10,2.4108266830444336,0
2017-04-11,2.41945743560791,0
2017-04-12,2.399484157562256,0
2017-04-13,2.3546061515808105,0
2017-04-17,2.4468281269073486,0
2017-04-18,2.4483072757720947,0
2017-04-19,2.457923889160156,0
2017-04-20,2.496884346008301,0
2017-04-21,2.507240056991577,0
2017-04-24,2.5385568141937256,0
2017-04-25,2.582695245742798,0
2017-04-26,2.564940929412842,0
2017-04-27,2.604886531829834,0
2017-04-28,2.5718443393707275,0
2017-05-01,2.629544973373413,0
2017-05-02,2.551625490188598,0
2017-05-03,2.570611953735352,0
2017-05-04,2.560748815536499,0
2017-05-05,2.560994863510132,0
2017-05-08,2.534118175506592,0
2017-05-09,2.5383098125457764,0
2017-05-10,2.990786552429199,2
2017-05-11,3.119255781173706,0
2017-05-12,3.1535308361053467,0
2017-05-15,3.311835289001465,0
2017-05-16,3.373481273651123,0
2017-05-17,3.149339199066162,0
2017-05-18,3.281259298324585,0
2017-05-19,3.3570396900177,0
2017-05-22,3.428623914718628,0
2017-05-23,3.3824641704559326,0
2017-05-24,3.420478105545044,0
2017-05-25,3.4128258228302,0
2017-05-26,3.501194715499878,0
2017-05-30,3.575988531112671,0
2017-05-31,3.563152551651001,0
2017-06-01,3.563399314880371,0
2017-06-02,3.5456271171569824,0
2017-06-05,3.653496026992798,0
2017-06-06,3.636958360671997,0
2017-06-07,3.680896043777466,0
2017-06-08,3.947978019714356,0
2017-06-09,3.692744493484497,0
2017-06-12,3.70187783241272,0
2017-06-13,3.737175941467285,0
2017-06-14,3.745074033737183,0
2017-06-15,3.761118888854981,0
2017-06-16,3.7426061630249023,0
2017-06-19,3.883305549621582,0
2017-06-20,3.8776278495788574,0
2017-06-21,3.936375617980957,0
2017-06-22,3.909223318099976,0
2017-06-23,3.7971580028533936,0
2017-06-26,3.7556889057159424,0
2017-06-27,3.6181986331939697,0
2017-06-28,3.745814800262451,0
2017-06-29,3.620666742324829,0
2017-06-30,3.5683367252349854,0
2017-07-03,3.4392380714416504,0
2017-07-05,3.5310628414154053,0
2017-07-06,3.541676521301269,0
2017-07-07,3.622641086578369,0
2017-07-10,3.7939488887786874,0
2017-07-11,3.8477606773376474,0
2017-07-12,4.011416435241699,0
2017-07-13,3.965009689331055,0
2017-07-14,4.071646213531494,0
2017-07-17,4.054365634918213,0
2017-07-18,4.0965776443481445,0
2017-07-19,4.075347900390625,0
2017-07-20,4.134588718414307,0
2017-07-21,4.149399757385254,0
2017-07-24,4.101265907287598,0
2017-07-25,4.081518650054932,0
2017-07-26,4.128666400909424,0
2017-07-27,3.992409229278565,0
2017-07-28,4.057821750640869,0
2017-07-31,4.011416435241699,0
2017-08-01,4.0602898597717285,0
2017-08-02,4.057821750640869,0
2017-08-03,4.109413146972656,0
2017-08-04,4.127431869506836,0
2017-08-07,4.254307746887207,0
2017-08-08,4.203704833984375,0
2017-08-09,4.248384952545166,0
2017-08-10,4.066462993621826,0
2017-08-11,3.8497352600097656,0
2017-08-14,4.15680456161499,0
2017-08-15,4.121753692626953,0
2017-08-16,4.076581954956055,0
2017-08-17,3.98574447631836,0
2017-08-18,3.9864847660064697,0
2017-08-21,3.928477764129639,0
2017-08-22,4.015936374664307,0
2017-08-23,4.096228122711182,0
2017-08-24,4.081161022186279,0
2017-08-25,4.047065258026123,0
2017-08-28,4.075724124908447,0
2017-08-29,4.069053649902344,0
2017-08-30,4.093265056610107,0
2017-08-31,4.186159133911133,0
2017-09-01,4.211357593536377,0
2017-09-05,4.0989484786987305,0
2017-09-06,4.096476078033447,0
2017-09-07,4.115499973297119,0
2017-09-08,4.044099807739258,0
2017-09-11,4.175289154052734,0
2017-09-12,4.1903581619262695,0
2017-09-13,4.209136486053467,0
2017-09-14,4.185171127319336,0
2017-09-15,4.449769496917725,0
2017-09-18,4.633582592010498,0
2017-09-19,4.628640174865723,0
2017-09-20,4.591334819793701,0
2017-09-21,4.465829849243164,0
2017-09-22,4.422347068786621,0
2017-09-25,4.224700450897217,0
2017-09-26,4.248417377471924,0
2017-09-27,4.341559410095215,0
2017-09-28,4.340324401855469,0
2017-09-29,4.416665554046631,0
2017-10-02,4.422347068786621,0
2017-10-03,4.431488990783691,0
2017-10-04,4.468546390533447,0
2017-10-05,4.466078281402588,0
2017-10-06,4.4791693687438965,0
2017-10-09,4.580216884613037,0
2017-10-10,4.66767692565918,0
2017-10-11,4.7173357009887695,0
2017-10-12,4.7195587158203125,0
2017-10-13,4.807509899139404,0
2017-10-16,4.890028953552246,0
2017-10-17,4.885581970214844,0
2017-10-18,4.881381988525391,0
2017-10-19,4.88681697845459,0
2017-10-20,4.864582061767578,0
2017-10-23,4.857665538787842,0
2017-10-24,4.908558368682861,0
2017-10-25,4.784534931182861,0
2017-10-26,4.834689140319824,0
2017-10-27,4.987122535705566,0
2017-10-30,5.036041736602783,0
2017-10-31,5.109416961669922,0
2017-11-01,5.119052410125732,0
2017-11-02,5.087923526763916,0
2017-11-03,5.155864715576172,0
2017-11-06,5.179086685180664,0
2017-11-07,5.2383809089660645,0
2017-11-08,5.167475700378418,0
2017-11-09,5.072606086730957,0
2017-11-10,5.339923858642578,0
2017-11-13,5.253205299377441,0
2017-11-14,5.291501522064209,0
2017-11-15,5.187735557556152,0
2017-11-16,5.228003978729248,0
2017-11-17,5.221828937530518,0
2017-11-20,5.289029121398926,0
2017-11-21,5.337698459625244,0
2017-11-22,5.313717365264893,0
2017-11-24,5.363905429840088,0
2017-11-27,5.294186115264893,0
2017-11-28,5.209386825561523,0
2017-11-29,4.856094837188721,0
2017-11-30,4.962155818939209,0
2017-12-01,4.887246131896973,0
2017-12-04,4.614797592163086,0
2017-12-05,4.6414995193481445,0
2017-12-06,4.679078102111816,0
2017-12-07,4.746572017669678,0
2017-12-08,4.734210968017578,0
2017-12-11,4.812582492828369,0
2017-12-12,4.718141078948975,0
2017-12-13,4.602930545806885,0
2017-12-14,4.610101699829102,0
2017-12-15,4.735941410064697,-2
2017-12-18,4.892685890197754,0
2017-12-19,4.848430633544922,0
2017-12-20,4.865487575531006,0
2017-12-21,4.842990875244141,0
2017-12-22,4.827662944793701,0
2017-12-26,4.881312847137451,0
2017-12-27,4.874637603759766,0
2017-12-28,4.88032341003418,0
2017-12-29,4.783902645111084,0
2018-01-02,4.928533554077148,0
2018-01-03,5.252900123596191,0
2018-01-04,5.280588626861572,0
2018-01-05,5.3253374099731445,0
2018-01-08,5.488509654998779,0
2018-01-09,5.487026691436768,0
2018-01-10,5.530044078826904,0
2018-01-11,5.539933204650879,0
2018-01-12,5.512736797332764,2
2018-01-16,5.441783428192139,0
2018-01-17,5.55575704574585,0
2018-01-18,5.548832893371582,0
2018-01-19,5.689011573791504,0
2018-01-22,5.777521133422852,0
2018-01-23,5.906576156616211,0
2018-01-24,5.829686641693115,0
2018-01-25,5.843284606933594,0
2018-01-26,6.0158514976501465,0
2018-01-29,6.102875709533691,0
2018-01-30,6.000770568847656,0
2018-01-31,6.076919078826904,0
2018-02-01,5.9458842277526855,0
2018-02-02,5.773318767547607,0
2018-02-05,5.283308506011963,0
2018-02-06,5.577016830444336,0
2018-02-07,5.656626224517822,0
2018-02-08,5.377750873565674,0
2018-02-09,5.737716674804688,0
2018-02-12,5.6375885009765625,0
2018-02-13,5.751313209533691,0
2018-02-14,5.968630313873291,0
2018-02-15,6.094222545623779,0
2018-02-16,6.028459548950195,0
2018-02-20,6.158008098602295,0
2018-02-21,5.970854759216309,0
2018-02-22,5.990396976470947,0
2018-02-23,6.083909511566162,0
2018-02-26,6.099989414215088,0
2018-02-27,6.087125301361084,0
2018-02-28,5.986688137054443,0
2018-03-01,5.744498252868652,0
2018-03-02,5.851615905761719,0
2018-03-05,5.829598903656006,0
2018-03-06,5.990645408630371,0
2018-03-07,5.982730388641357,0
2018-03-08,5.966400623321533,0
2018-03-09,6.069065570831299,0
2018-03-12,6.178657531738281,0
2018-03-13,6.12794303894043,0
2018-03-14,6.15342378616333,0
2018-03-15,6.168267250061035,0
2018-03-16,6.196468830108643,0
2018-03-19,5.961950302124023,0
2018-03-20,6.174203395843506,0
2018-03-21,6.14897346496582,0
2018-03-22,5.982976913452148,0
2018-03-23,5.76330041885376,0
2018-03-26,6.048038482666016,0
2018-03-27,5.5789995193481445,0
2018-03-28,5.475840091705322,0
2018-03-29,5.729161739349365,0
2018-04-02,5.468419551849365,0
2018-04-03,5.574794292449951,0
2018-04-04,5.596811771392822,0
2018-04-05,5.476582050323486,0
2018-04-06,5.300198078155518,-2
2018-04-09,5.328896045684815,0
2018-04-10,5.638123512268066,0
2018-04-11,5.596811771392822,0
2018-04-12,5.803623676300049,0
2018-04-13,5.72693395614624,0
2018-04-16,5.726687431335449,0
2018-04-17,5.876354217529297,0
2018-04-18,5.847411155700684,0
2018-04-19,5.666077136993408,0
2018-04-20,5.657915115356445,0
2018-04-23,5.53842830657959,0
2018-04-24,5.472130298614502,0
2018-04-25,5.3598175048828125,0
2018-04-26,5.571577548980713,0
2018-04-27,5.599036693572998,0
2018-04-30,5.563662052154541,0
2018-05-01,5.619074821472168,0
2018-05-02,5.598543643951416,0
2018-05-03,5.7637939453125,0
2018-05-04,5.913956165313721,0
2018-05-07,6.151939868927002,0
2018-05-08,6.194491863250732,0
2018-05-09,6.327582836151123,0
2018-05-10,6.4351959228515625,0
2018-05-11,6.296658992767334,0
2018-05-14,6.317192554473877,2
2018-05-15,6.0747551918029785,0
2018-05-16,6.085888862609863,0
2018-05-17,6.12794303894043,0
2018-05-18,6.0841569900512695,0
2018-05-21,6.042102336883545,0
2018-05-22,6.004005432128906,0
2018-05-23,6.127525806427002,0
2018-05-24,6.131237506866455,0
2018-05-25,6.17059850692749,0
2018-05-29,6.153518199920654,0
2018-05-30,6.262433052062988,0
2018-05-31,6.242630958557129,0
2018-06-01,6.377042293548584,0
2018-06-04,6.556012630462647,0
2018-06-05,6.561458587646484,0
2018-06-06,6.563438415527344,0
2018-06-07,6.507742404937744,0
2018-06-08,6.492395877838135,0
2018-06-11,6.451303005218506,0
2018-06-12,6.499819755554199,0
2018-06-13,6.495366096496582,0
2018-06-14,6.607004642486572,0
2018-06-15,6.566159725189209,0
2018-06-18,6.561951637268066,0
2018-06-19,6.440164089202881,0
2018-06-20,6.493136882781982,0
2018-06-21,6.3644185066223145,0
2018-06-22,6.211935520172119,0
2018-06-25,5.919099807739258,0
2018-06-26,5.990143299102783,0
2018-06-27,5.834937572479248,0
2018-06-28,5.962172031402588,0
2018-06-29,5.864147186279297,0
2018-07-02,5.996331214904785,0
2018-07-03,5.862662315368652,0
2018-07-05,6.008460998535156,0
2018-07-06,6.122328281402588,0
2018-07-09,6.169854640960693,0
2018-07-10,6.268868923187256,0
2018-07-11,6.127277374267578,-2
2018-07-12,6.218866348266602,0
2018-07-13,6.171586036682129,0
2018-07-16,6.143861293792725,0
2018-07-17,6.279760837554932,0
2018-07-18,6.230500221252441,0
2018-07-19,6.238669872283936,0
2018-07-20,6.210450172424316,0
2018-07-23,6.17381477355957,0
2018-07-24,6.156487941741943,0
2018-07-25,6.234708309173584,0
2018-07-26,6.3082275390625,0
2018-07-27,6.2384233474731445,0
2018-07-30,6.043116092681885,0
2018-07-31,6.061184883117676,0
2018-08-01,6.101037979125977,0
2018-08-02,6.2037672996521,0
2018-08-03,6.240401268005371,0
2018-08-06,6.288176536560059,0
2018-08-07,6.360456466674805,0
2018-08-08,6.396844387054443,0
2018-08-09,6.348328590393066,0
2018-08-10,6.306989192962647,0
2018-08-13,6.339912414550781,0
2018-08-14,6.4713544845581055,0
2018-08-15,6.413182735443115,2
2018-08-16,6.37258768081665,0
2018-08-17,6.060195446014404,0
2018-08-20,6.134952068328857,0
2018-08-21,6.270601749420166,0
2018-08-22,6.505761623382568,0
2018-08-23,6.605273246765137,0
2018-08-24,6.738447666168213,0
2018-08-27,6.829540252685547,0
2018-08-28,6.791914463043213,0
2018-08-29,6.8974223136901855,0
2018-08-30,6.880581855773926,0
2018-08-31,6.951663494110107,0
2018-09-04,7.026460647583008,0
2018-09-05,6.895687580108643,0
2018-09-06,6.7545166015625,0
2018-09-07,6.73321533203125,0
2018-09-10,6.804296970367432,0
2018-09-11,6.756498336791992,0
2018-09-12,6.64256763458252,0
2018-09-13,6.720337867736816,0
2018-09-14,6.846401691436768,0
2018-09-17,6.784484386444092,0
2018-09-18,6.712409496307373,0
2018-09-19,6.736188411712647,0
2018-09-20,6.595016002655029,0
2018-09-21,6.524923801422119,0
2018-09-24,6.580650329589844,0
2018-09-25,6.647769451141357,0
2018-09-26,6.610866546630859,0
2018-09-27,6.6227545738220215,0
2018-09-28,6.9600830078125,0
2018-10-01,7.166643142700195,0
2018-10-02,7.095313549041748,0
2018-10-03,7.101503849029541,0
2018-10-04,6.917237281799316,0
2018-10-05,6.683681964874268,0
2018-10-08,6.582382678985596,0
2018-10-09,6.576686382293701,0
2018-10-10,6.085058689117432,0
2018-10-11,5.823516845703125,0
2018-10-12,6.106109619140625,0
2018-10-15,5.829708099365234,0
2018-10-16,6.088525295257568,-2
2018-10-17,6.019920349121094,0
2018-10-18,5.932492256164551,0
2018-10-19,5.6759033203125,0
2018-10-22,5.726676940917969,0
2018-10-23,5.475040435791016,0
2018-10-24,4.938830852508545,0
2018-10-25,5.147618770599365,0
2018-10-26,4.9110918045043945,0
2018-10-29,4.597291469573975,0
2018-10-30,5.027745246887207,0
2018-10-31,5.221671581268311,0
2018-11-01,5.401978969573975,0
2018-11-02,5.322969913482666,0
2018-11-05,5.244953632354736,0
2018-11-06,5.2273688316345215,0
2018-11-07,5.294983863830566,0
2018-11-08,5.101799488067627,0
2018-11-09,5.093873977661133,0
2018-11-12,4.694378852844238,0
2018-11-13,4.936354637145996,0
2018-11-14,4.883847236633301,0
2018-11-15,5.012637615203857,0
2018-11-16,4.072473526000977,0
2018-11-19,3.5838165283203125,0
2018-11-20,3.692297220230103,0
2018-11-21,3.58406400680542,0
2018-11-23,3.5912468433380127,0
2018-11-26,3.790623426437378,0
2018-11-27,3.807464838027954,0
2018-11-28,3.964489221572876,0
2018-11-29,3.90126895904541,0
2018-11-30,4.051756381988525,0
2018-12-03,4.215630531311035,0
2018-12-04,3.895071029663086,0
2018-12-06,3.924324989318848,0
2018-12-07,3.659546613693237,0
2018-12-10,3.764913320541382,0
2018-12-11,3.673926830291748,0
2018-12-12,3.691529273986816,0
2018-12-13,3.691281080245972,0
2018-12-14,3.630788326263428,0
2018-12-17,3.559636116027832,0
2018-12-18,3.6429362297058105,0
2018-12-19,3.4339399337768555,0
2018-12-20,3.3493993282318115,0
2018-12-21,3.2122995853424072,0
2018-12-24,3.1505675315856934,0
2018-12-26,3.2998156547546387,0
2018-12-27,3.251966953277588,0
2018-12-28,3.313451051712036,0
2018-12-31,3.309731960296631,0
2019-01-02,3.377166271209717,0
2019-01-03,3.1731278896331787,0
2019-01-04,3.376422643661499,0
2019-01-07,3.55517315864563,0
2019-01-08,3.466665267944336,0
2019-01-09,3.53484320640564,0
2019-01-10,3.6005423069000244,0
2019-01-11,3.689793586730957,0
2019-01-14,3.7297074794769287,0
2019-01-15,3.715576887130737,0
2019-01-16,3.690040826797485,0
2019-01-17,3.761442422866821,0
2019-01-18,3.890608549118042,0
2019-01-22,3.6883060932159424,0
2019-01-23,3.7011971473693848,0
2019-01-24,3.9131691455841056,0
2019-01-25,3.970438718795776,0
2019-01-28,3.421543836593628,0
2019-01-29,3.2626266479492188,0
2019-01-30,3.4061732292175293,0
2019-01-31,3.563850164413452,0
2019-02-01,3.588146924972534,2
2019-02-04,3.6984710693359375,0
2019-02-05,3.7175612449646,0
2019-02-06,3.7931759357452393,0
2019-02-07,3.654836416244507,0
2019-02-08,3.6734304428100586,0
2019-02-11,3.630788326263428,0
2019-02-12,3.747807264328003,0
2019-02-13,3.790200471878052,0
2019-02-14,3.831108093261719,0
2019-02-15,3.900773763656616,0
2019-02-19,3.8834187984466553,0
2019-02-20,3.930771827697754,0
2019-02-21,3.861850261688232,0
2019-02-22,3.9466378688812256,0
2019-02-25,3.9342427253723145,0
2019-02-26,3.8948233127594,0
2019-02-27,3.852924346923828,0
2019-02-28,3.8283557891845694,0
2019-03-01,3.8827059268951416,0
2019-03-04,3.890895366668701,0
2019-03-05,3.884442806243897,0
2019-03-06,3.773507595062256,0
2019-03-07,3.704267978668213,0
2019-03-08,3.738516092300415,0
2019-03-11,3.999100208282471,0
2019-03-12,4.033348560333252,0
2019-03-13,4.1847357749938965,0
2019-03-14,4.108792304992676,0
2019-03-15,4.214268684387207,0
2019-03-18,4.192924976348877,0
2019-03-19,4.360692501068115,0
2019-03-20,4.328179836273193,0
2019-03-21,4.564939022064209,0
2019-03-22,4.405115127563477,0
2019-03-25,4.312795639038086,0
2019-03-26,4.3894805908203125,0
2019-03-27,4.380298137664795,0
2019-03-28,4.3989105224609375,0
2019-03-29,4.456239223480225,0
2019-04-01,4.52374267578125,0
2019-04-02,4.541610240936279,0
2019-04-03,4.681085586547852,0
2019-04-04,4.672152996063232,0
2019-04-05,4.738910675048828,0
2019-04-08,4.759759426116943,0
2019-04-09,4.696969509124756,0
2019-04-10,4.767452239990234,0
2019-04-11,4.753554344177246,0
2019-04-12,4.715581893920898,0
2019-04-15,4.583801746368408,0
2019-04-16,4.670910835266113,0
2019-04-17,4.648079872131348,0
2019-04-18,4.623508930206299,0
2019-04-22,4.677364826202393,0
2019-04-23,4.731962203979492,0
2019-04-24,4.74437141418457,0
2019-04-25,4.638648509979248,0
2019-04-26,4.419756412506104,0
2019-04-29,4.450531959533691,0
2019-04-30,4.491978168487549,0
2019-05-01,4.478823661804199,0
2019-05-02,4.546327114105225,0
2019-05-03,4.541859149932861,0
2019-05-06,4.463437080383301,0
2019-05-07,4.296166896820068,0
2019-05-08,4.316267490386963,0
2019-05-09,4.223700046539307,0
2019-05-10,4.189699649810791,0
2019-05-13,3.932340621948242,0
2019-05-14,4.0214362144470215,0
2019-05-15,3.9603848457336426,0
2019-05-16,3.975522994995117,-2
2019-05-17,3.8846914768218994,0
2019-05-20,3.7660632133483887,0
2019-05-21,3.848209857940674,0
2019-05-22,3.777231216430664,0
2019-05-23,3.6561224460601807,0
2019-05-24,3.602267026901245,0
2019-05-28,3.5571000576019287,0
2019-05-29,3.4828944206237797,0
2019-05-30,3.4563100337982178,0
2019-05-31,3.3656227588653564,0
2019-06-03,3.3238813877105717,0
2019-06-04,3.5529608726501465,0
2019-06-05,3.510225296020508,0
2019-06-06,3.572340250015259,0
2019-06-07,3.6150755882263184,0
2019-06-10,3.6878738403320312,0
2019-06-11,3.745516538619995,0
2019-06-12,3.63246750831604,0
2019-06-13,3.683649778366089,0
2019-06-14,3.593707799911499,0
2019-06-17,3.6033973693847656,0
2019-06-18,3.798437356948853,0
2019-06-19,3.804400682449341,0
2019-06-20,3.828749895095825,0
2019-06-21,3.770609855651856,0
2019-06-24,3.79297137260437,0
2019-06-25,3.763653516769409,0
2019-06-26,3.956954717636109,0
2019-06-27,4.055593013763428,0
2019-06-28,4.080438613891602,0
2019-07-01,4.128641128540039,0
2019-07-02,4.030745506286621,0
2019-07-03,4.043665885925293,0
2019-07-05,3.981055736541748,0
2019-07-08,3.906019926071167,0
2019-07-09,3.908504962921143,0
2019-07-10,3.9768316745758057,0
2019-07-11,4.131371974945068,2
2019-07-12,4.164417266845703,0
2019-07-15,4.155970096588135,0
2019-07-16,4.151249885559082,0
2019-07-17,4.2165937423706055,0
2019-07-18,4.228271007537842,0
2019-07-19,4.18503999710083,0
2019-07-22,4.256596088409424,0
2019-07-23,4.364428043365479,0
2019-07-24,4.438964366912842,0
2019-07-25,4.3077778816223145,0
2019-07-26,4.349767208099365,0
2019-07-29,4.343555927276611,0
2019-07-30,4.359209537506104,0
2019-07-31,4.191997051239014,0
2019-08-01,4.097582340240479,0
2019-08-02,4.004906177520752,0
2019-08-05,3.7465102672576895,0
2019-08-06,3.785269260406494,0
2019-08-07,3.823532342910767,0
2019-08-08,3.932108879089356,0
2019-08-09,3.830738067626953,0
2019-08-12,3.762908935546875,0
2019-08-13,3.877199172973633,0
2019-08-14,3.728621482849121,0
2019-08-15,3.6963212490081783,0
2019-08-16,3.96440863609314,0
2019-08-19,4.243179321289063,0
2019-08-20,4.170877933502197,0
2019-08-21,4.254358768463135,0
2019-08-22,4.260571479797363,0
2019-08-23,4.035965919494629,-2
2019-08-26,4.110750675201416,0
2019-08-27,4.02006196975708,0
2019-08-28,4.009618759155273,0
2019-08-29,4.153369903564453,0
2019-08-30,4.166051864624023,0
2019-09-03,4.082984924316406,0
2019-09-04,4.197141170501709,0
2019-09-05,4.47022008895874,0
2019-09-06,4.443109512329102,0
2019-09-09,4.489119529724121,2
2019-09-10,4.5557732582092285,0
2019-09-11,4.58437442779541,0
2019-09-12,4.582881450653076,0
2019-09-13,4.524933338165283,0
2019-09-16,4.481906890869141,0
2019-09-17,4.503296375274658,0
2019-09-18,4.476188659667969,0
2019-09-19,4.400580883026123,0
2019-09-20,4.294881820678711,0
2019-09-23,4.348353862762451,0
2019-09-24,4.2909040451049805,0
2019-09-25,4.432663440704346,0
2019-09-26,4.410530090332031,0
2019-09-27,4.271752834320068,0
2019-09-30,4.329203128814697,0
2019-10-01,4.327461242675781,0
2019-10-02,4.303586959838867,0
2019-10-03,4.509265899658203,0
2019-10-04,4.525680065155029,0
2019-10-07,4.58437442779541,0
2019-10-08,4.407793521881104,0
2019-10-09,4.494341850280762,0
2019-10-10,4.552042007446289,0
2019-10-11,4.625660419464111,0
2019-10-14,4.6390886306762695,0
2019-10-15,4.88381290435791,0
2019-10-16,4.830093860626221,0
2019-10-17,4.8320841789245605,0
2019-10-18,4.737575531005859,0
2019-10-21,4.874861717224121,0
2019-10-22,4.864913463592529,0
2019-10-23,4.851981163024902,0
2019-10-24,4.89600133895874,0
2019-10-25,5.08700704574585,0
2019-10-28,5.142965793609619,0
2019-10-29,5.046715259552002,0
2019-10-30,5.048705577850342,0
2019-10-31,4.9994635581970215,0
2019-11-01,5.038508892059326,0
2019-11-04,5.235235214233398,0
2019-11-05,5.213099479675293,0
2019-11-06,5.163856506347656,0
2019-11-07,5.181513786315918,0
2019-11-08,5.1675872802734375,0
2019-11-11,5.177535057067871,0
2019-11-12,5.213099479675293,0
2019-11-13,5.187233924865723,0
2019-11-14,5.21757698059082,0
2019-11-15,5.078301906585693,0
2019-11-18,5.27950382232666,0
2019-11-19,5.172810077667236,0
2019-11-20,5.252145290374756,0
2019-11-21,5.227274894714356,0
2019-11-22,5.24493408203125,0
2019-11-25,5.501596450805664,0
2019-11-26,5.396892070770264,0
2019-11-27,5.431736469268799,0
2019-11-29,5.394402980804443,0
2019-12-02,5.207986354827881,0
2019-12-03,5.168412685394287,0
2019-12-04,5.212217330932617,0
2019-12-05,5.19529390335083,0
2019-12-06,5.280661106109619,0
2019-12-09,5.280661106109619,0
2019-12-10,5.325711250305176,0
2019-12-11,5.409337043762207,0
2019-12-12,5.576838493347168,0
2019-12-13,5.574848175048828,0
2019-12-16,5.603718280792236,0
2019-12-17,5.681868553161621,0
2019-12-18,5.712233543395996,0
2019-12-19,5.860321521759033,0
2019-12-20,5.957637786865234,0
2019-12-23,5.943948268890381,0
2019-12-24,5.938971519470215,0
2019-12-26,5.953157424926758,0
2019-12-27,5.895415306091309,0
2019-12-30,5.78217077255249,0
2019-12-31,5.856339931488037,0
2020-01-02,5.971076488494873,0
2020-01-03,5.875504970550537,0
2020-01-06,5.900144577026367,0
2020-01-07,5.9715752601623535,0
2020-01-08,5.9827752113342285,0
2020-01-09,6.0484819412231445,0
2020-01-10,6.080838203430176,0
2020-01-13,6.271485805511475,0
2020-01-14,6.154507637023926,0
2020-01-15,6.1119489669799805,0
2020-01-16,6.195573806762695,0
2020-01-17,6.204286575317383,0
2020-01-21,6.170934677124023,0
2020-01-22,6.224942684173584,0
2020-01-23,6.293387413024902,0
2020-01-24,6.234151840209961,0
2020-01-27,5.978295803070068,0
2020-01-28,6.1716814041137695,0
2020-01-29,6.111203670501709,0
2020-01-30,6.117922306060791,0
2020-01-31,5.884464263916016,0
2020-02-03,5.98153018951416,0
2020-02-04,6.150774955749512,0
2020-02-05,6.241121292114258,0
2020-02-06,6.327981948852539,0
2020-02-07,6.261778831481934,0
2020-02-10,6.545014381408691,0
2020-02-11,6.667466163635254,0
2020-02-12,6.783199310302734,0
2020-02-13,6.739394664764404,0
2020-02-14,7.212533473968506,0
2020-02-18,7.381278991699219,0
2020-02-19,7.832512855529785,0
2020-02-20,7.683180332183838,0
2020-02-21,7.319056034088135,0
2020-02-24,6.80161714553833,0
2020-02-25,6.522115707397461,0
2020-02-26,6.661493301391602,0
2020-02-27,6.290677547454834,0
2020-02-28,6.725744724273682,0
2020-03-02,6.884133338928223,0
2020-03-03,6.621647834777832,0
2020-03-04,7.085353851318359,0
2020-03-05,6.805934429168701,0
2020-03-06,6.625382423400879,0
2020-03-09,6.112367153167725,0
2020-03-10,6.501860618591309,0
2020-03-11,6.138017654418945,0
2020-03-12,5.386922836303711,0
2020-03-13,5.997809410095215,0
2020-03-16,4.891088008880615,0
2020-03-17,5.410830020904541,0
2020-03-18,5.050970077514648,0
2020-03-19,5.3037428855896,-2
2020-03-20,5.12393856048584,0
2020-03-23,5.296768665313721,0
2020-03-24,6.205507755279541,0
2020-03-25,6.116848468780518,0
2020-03-26,6.406230926513672,0
2020-03-27,6.293913841247559,0
2020-03-30,6.614175319671631,0
2020-03-31,6.56461763381958,0
2020-04-01,6.053346633911133,0
2020-04-02,6.3621506690979,0
2020-04-03,6.074264049530029,0
2020-04-06,6.6841559410095215,0
2020-04-07,6.450808048248291,0
2020-04-08,6.648045063018799,0
2020-04-09,6.548430442810059,0
2020-04-13,6.7202677726745605,0
2020-04-14,7.071408271789551,0
2020-04-15,6.993958473205566,0
2020-04-16,7.339123725891113,0
2020-04-17,7.279852867126465,0
2020-04-20,7.1486101150512695,2
2020-04-21,6.711799621582031,0
2020-04-22,7.126195907592773,0
2020-04-23,7.072903156280518,0
2020-04-24,7.211864948272705,0
2020-04-27,7.3983941078186035,0
2020-04-28,7.255944728851318,0
2020-04-29,7.432760238647461,0
2020-04-30,7.278857231140137,0
2020-05-01,7.042271137237549,0
2020-05-04,7.254201889038086,0
2020-05-05,7.315215587615967,0
2020-05-06,7.416074275970459,0
2020-05-07,7.5923943519592285,0
2020-05-08,7.782409191131592,0
2020-05-11,8.034436225891113,0
2020-05-12,7.772448539733887,0
2020-05-13,7.750035285949707,0
2020-05-14,7.999569416046143,0
2020-05-15,8.458048820495605,0
2020-05-18,8.716546058654785,0
2020-05-19,8.771585464477539,0
2020-05-20,8.935449600219727,0
2020-05-21,8.74145221710205,0
2020-05-22,8.991483688354492,0
2020-05-26,8.684170722961426,0
2020-05-27,8.492415428161621,0
2020-05-28,8.454309463500977,0
2020-05-29,8.841314315795898,0
2020-06-01,8.772332191467285,0
2020-06-02,8.791258811950684,0
2020-06-03,8.735723495483398,0
2020-06-04,8.73672103881836,0
2020-06-05,8.889698028564453,0
2020-06-08,8.775092124938965,0
2020-06-09,9.01527214050293,0
2020-06-10,9.334932327270508,0
2020-06-11,8.766369819641113,0
2020-06-12,8.902155876159668,0
2020-06-15,9.142586708068848,0
2020-06-16,9.037694931030272,0
2020-06-17,9.20462703704834,0
2020-06-18,9.186689376831056,0
2020-06-19,9.229788780212402,0
2020-06-22,9.494384765625,0
2020-06-23,9.417899131774902,0
2020-06-24,9.204127311706545,0
2020-06-25,9.457761764526367,0
2020-06-26,9.123900413513184,0
2020-06-29,9.16874885559082,0
2020-06-30,9.465486526489258,0
2020-07-01,9.497625350952148,0
2020-07-02,9.579597473144531,0
2020-07-06,9.805825233459473,0
2020-07-07,9.838216781616213,0
2020-07-08,10.181294441223145,0
2020-07-09,10.473299980163574,0
2020-07-10,10.443650245666504,0
2020-07-13,10.01810073852539,0
2020-07-14,10.34174919128418,0
2020-07-15,10.19250774383545,0
2020-07-16,10.100324630737305,0
2020-07-17,10.16684627532959,0
2020-07-20,10.47504711151123,0
2020-07-21,10.293414115905762,0
2020-07-22,10.403290748596191,0
2020-07-23,10.095340728759766,0
2020-07-24,10.159868240356444,0
2020-07-27,10.386096000671388,0
2020-07-28,10.180795669555664,0
2020-07-29,10.42994785308838,0
2020-07-30,10.577945709228516,0
2020-07-31,10.578692436218262,0
2020-08-03,10.97284984588623,0
2020-08-04,11.18960952758789,0
2020-08-05,11.248411178588867,0
2020-08-06,11.296992301940918,0
2020-08-07,11.161453247070312,0
2020-08-10,11.127073287963867,0
2020-08-11,10.813140869140623,0
2020-08-12,11.40138816833496,0
2020-08-13,11.404126167297363,0
2020-08-14,11.524717330932615,0
2020-08-17,12.295089721679688,0
2020-08-18,12.219099044799805,0
2020-08-19,12.09726333618164,0
2020-08-20,12.099754333496094,0
2020-08-21,12.64041519165039,0
2020-08-24,12.677035331726074,0
2020-08-25,12.706686973571776,0
2020-08-26,12.72961139678955,0
2020-08-27,12.585351943969728,0
2020-08-28,13.1030855178833,0
2020-08-31,13.329069137573242,0
2020-09-01,13.77817153930664,0
2020-09-02,14.302042007446287,0
2020-09-03,12.975168228149414,0
2020-09-04,12.58338451385498,0
2020-09-08,11.87608528137207,0
2020-09-09,12.6756010055542,0
2020-09-10,12.273599624633787,0
2020-09-11,12.126805305480955,0
2020-09-14,12.832361221313477,0
2020-09-15,12.950743675231934,0
2020-09-16,12.47571849822998,0
2020-09-17,12.424877166748049,0
2020-09-18,12.151479721069336,0
2020-09-21,12.478459358215332,0
2020-09-22,12.598587036132812,0
2020-09-23,12.086180686950684,0
2020-09-24,12.309734344482422,0
2020-09-25,12.833854675292969,0
2020-09-28,12.994606971740724,0
2020-09-29,13.18476676940918,0
2020-09-30,13.488571166992188,0
2020-10-01,13.572309494018556,0
2020-10-02,13.021773338317873,0
2020-10-05,13.600224494934082,0
2020-10-06,13.693929672241213,0
2020-10-07,13.920727729797363,0
2020-10-08,13.795865058898926,0
2020-10-09,13.720102310180664,0
2020-10-12,14.181915283203123,0
2020-10-13,14.204094886779783,0
2020-10-14,14.051570892333984,0
2020-10-15,13.926712036132812,0
2020-10-16,13.768701553344728,0
2020-10-19,13.455920219421388,0
2020-10-20,13.6032133102417,0
2020-10-21,13.482837677001951,0
2020-10-22,13.319597244262695,0
2020-10-23,13.548136711120604,0
2020-10-26,13.100526809692385,0
2020-10-27,13.355236053466797,0
2020-10-28,12.587870597839355,0
2020-10-29,12.983641624450684,0
2020-10-30,12.495159149169922,0
2020-11-02,12.541766166687012,0
2020-11-03,12.979154586791992,0
2020-11-04,13.751503944396973,0
2020-11-05,14.11612033843994,0
2020-11-06,14.516873359680176,0
2020-11-09,13.588510513305664,0
2020-11-10,12.730428695678713,0
2020-11-11,13.376421928405762,0
2020-11-12,13.415048599243164,0
2020-11-13,13.255794525146484,0
2020-11-16,13.473370552062988,0
2020-11-17,13.380654335021973,0
2020-11-18,13.387136459350586,0
2020-11-19,13.398601531982422,0
2020-11-20,13.04719352722168,0
2020-11-23,13.099281311035156,0
2020-11-24,12.917598724365234,-2
2020-11-25,13.19373607635498,2
2020-11-27,13.2201566696167,-2
2020-11-30,13.359971046447754,2
2020-12-01,13.348505020141602,0
2020-12-02,13.50252914428711,0
2020-12-03,13.35843276977539,0
2020-12-04,13.52022647857666,-2
2020-12-07,13.568591117858888,0
2020-12-08,13.31256103515625,0
2020-12-09,12.894488334655762,0
2020-12-10,12.935871124267578,0
2020-12-11,12.97675609588623,0
2020-12-14,13.271427154541016,0
2020-12-15,13.323034286499023,0
2020-12-16,13.205366134643556,0
2020-12-17,13.303839683532717,0
2020-12-18,13.234782218933104,0
2020-12-21,13.294862747192385,0
2020-12-22,13.24101448059082,0
2020-12-23,12.972765922546388,0
2020-12-24,12.957311630249023,0
2020-12-28,12.863823890686035,0
2020-12-29,12.906953811645508,0
2020-12-30,13.108885765075684,0
2020-12-31,13.018390655517578,0
2021-01-04,13.076725006103516,0
2021-01-05,13.367158889770508,0
2021-01-06,12.579126358032228,0
2021-01-07,13.30657958984375,0
2021-01-08,13.239516258239746,0
2021-01-11,13.583303451538086,0
2021-01-12,13.44693374633789,0
2021-01-13,13.493804931640623,0
2021-01-14,13.163230895996094,0
2021-01-15,12.82343864440918,0
2021-01-19,12.98872184753418,0
2021-01-20,13.32827091217041,0
2021-01-21,13.828611373901367,0
2021-01-22,13.67404556274414,0
2021-01-25,13.61496353149414,0
2021-01-26,13.397574424743652,0
2021-01-27,12.881526947021484,2
2021-01-28,13.014398574829102,0
2021-01-29,12.953322410583496,0
2021-02-01,13.199878692626951,0
2021-02-02,13.518732070922852,0
2021-02-03,13.49255657196045,0
2021-02-04,13.625930786132812,0
2021-02-05,13.552886009216309,0
2021-02-08,14.3982572555542,0
2021-02-09,14.223254203796388,0
2021-02-10,14.722847938537598,0
2021-02-11,15.20798110961914,0
2021-02-12,14.919292449951172,0
2021-02-16,15.28725814819336,0
2021-02-17,14.86419677734375,0
2021-02-18,14.787416458129885,0
2021-02-19,14.884642601013184,0
2021-02-22,14.315489768981934,0
2021-02-23,14.102341651916504,0
2021-02-24,14.458340644836426,0
2021-02-25,13.270181655883787,0
2021-02-26,13.67604160308838,0
2021-03-01,13.802934646606444,0
2021-03-02,13.36865520477295,0
2021-03-03,12.768842697143556,0
2021-03-04,12.335559844970703,0
2021-03-05,12.426554679870604,0
2021-03-08,11.560739517211914,0
2021-03-09,12.489449501037598,0
2021-03-10,12.437577247619627,0
2021-03-11,12.961535453796388,0
2021-03-12,12.82437229156494,0
2021-03-15,13.158799171447754,-2
2021-03-16,13.258553504943848,0
2021-03-17,13.308431625366213,0
2021-03-18,12.691202163696287,0
2021-03-19,12.814146995544434,0
2021-03-22,13.15381145477295,0
2021-03-23,13.03859519958496,0
2021-03-24,12.611898422241213,0
2021-03-25,12.504411697387695,0
2021-03-26,12.80766487121582,0
2021-03-29,12.916394233703612,0
2021-03-30,12.840084075927734,0
2021-03-31,13.315412521362305,0
2021-04-01,13.7777738571167,0
2021-04-05,13.953089714050291,0
2021-04-06,13.827400207519531,0
2021-04-07,14.108705520629885,0
2021-04-08,14.281779289245604,0
2021-04-09,14.364575386047363,0
2021-04-12,15.171586036682127,0
2021-04-13,15.640926361083984,0
2021-04-14,15.23941707611084,0
2021-04-15,16.097549438476562,2
2021-04-16,15.873353004455566,0
2021-04-19,15.323959350585938,0
2021-04-20,15.133926391601562,0
2021-04-21,15.322711944580078,0
2021-04-22,14.813716888427734,0
2021-04-23,15.227696418762209,0
2021-04-26,15.439922332763672,0
2021-04-27,15.34390926361084,0
2021-04-28,15.23916721343994,0
2021-04-29,15.287049293518066,0
2021-04-30,14.972573280334473,0
2021-05-03,14.800252914428713,0
2021-05-04,14.315943717956545,0
2021-05-05,14.422929763793944,0
2021-05-06,14.48727321624756,0
2021-05-07,14.775811195373535,0
2021-05-10,14.2306547164917,0
2021-05-11,14.271056175231934,0
2021-05-12,13.724651336669922,0
2021-05-13,13.631631851196287,0
2021-05-14,14.20796012878418,0
2021-05-17,14.130651473999023,0
2021-05-18,13.981270790100098,0
2021-05-19,14.031147003173828,0
2021-05-20,14.57655143737793,0
2021-05-21,14.95486831665039,0
2021-05-24,15.573594093322754,0
2021-05-25,15.609254837036133,0
2021-05-26,15.661377906799316,0
2021-05-27,15.449896812438965,0
2021-05-28,16.204538345336914,0
2021-06-01,16.2244873046875,0
2021-06-02,16.736970901489258,0
2021-06-03,16.928003311157227,0
2021-06-04,17.535005569458008,0
2021-06-07,17.575654983520508,0
2021-06-08,17.41405487060547,0
2021-06-09,17.319517135620117,0
2021-06-10,17.386117935180664,0
2021-06-11,17.78547477722168,0
2021-06-14,17.978540420532227,0
2021-06-15,17.748804092407227,0
2021-06-16,17.7705078125,0
2021-06-17,18.61561584472656,0
2021-06-18,18.59715843200684,0
2021-06-21,18.38612937927246,0
2021-06-22,18.844602584838867,0
2021-06-23,19.014724731445312,0
2021-06-24,19.162643432617188,0
2021-06-25,18.9885311126709,0
2021-06-28,19.940401077270508,0
2021-06-29,19.9820613861084,0
2021-06-30,19.957868576049805,0
2021-07-01,20.16689682006836,0
2021-07-02,20.441280364990234,0
2021-07-06,20.65230941772461,0
2021-07-07,20.326290130615234,0
2021-07-08,19.85833549499512,0
2021-07-09,20.00550651550293,0
2021-07-12,20.46672821044922,0
2021-07-13,20.20481300354004,0
2021-07-14,19.79722213745117,0
2021-07-15,18.923927307128903,0
2021-07-16,18.12047004699707,0
2021-07-19,18.737842559814453,0
2021-07-20,18.57046890258789,0
2021-07-21,19.366687774658203,0
2021-07-22,19.550275802612305,0
2021-07-23,19.514354705810547,0
2021-07-26,19.250946044921875,0
2021-07-27,19.16513442993164,0
2021-07-28,19.459476470947266,0
2021-07-29,19.61812973022461,0
2021-07-30,19.45548820495605,0
2021-08-02,19.7059268951416,0
2021-08-03,19.77078628540039,0
2021-08-04,20.228757858276367,0
2021-08-05,20.59095001220703,0
2021-08-06,20.32055282592773,0
2021-08-09,20.24971008300781,0
2021-08-10,19.89151382446289,0
2021-08-11,19.65504646301269,0
2021-08-12,19.860584259033203,0
2021-08-13,20.142946243286133,0
2021-08-16,19.905479431152344,0
2021-08-17,19.414581298828125,0
2021-08-18,18.997514724731445,0
2021-08-19,19.75382232666016,0
2021-08-20,20.769546508789062,0
2021-08-23,21.908998489379883,0
2021-08-24,21.744367599487305,0
2021-08-25,22.16343116760254,0
2021-08-26,22.018754959106445,0
2021-08-27,22.58548927307129,0
2021-08-30,22.637371063232425,0
2021-08-31,22.3389892578125,0
2021-09-01,22.39487075805664,0
2021-09-02,22.34996223449707,0
2021-09-03,22.79604721069336,0
2021-09-07,22.61541557312012,0
2021-09-08,22.29308319091797,0
2021-09-09,22.13141822814941,0
2021-09-10,22.431795120239254,0
2021-09-13,22.10646629333496,0
2021-09-14,22.19628524780273,0
2021-09-15,22.295080184936523,0
2021-09-16,22.19628524780273,0
2021-09-17,21.85498046875,0
2021-09-20,21.069602966308597,0
2021-09-21,21.202327728271484,0
2021-09-22,21.89590072631836,0
2021-09-23,22.43578720092773,0
2021-09-24,22.03561210632324,0
2021-09-27,21.615476608276367,0
2021-09-28,20.65645217895508,0
2021-09-29,20.47482681274414,0
2021-09-30,20.673418045043945,0
2021-10-01,20.699363708496094,0
2021-10-04,19.69144058227539,0
2021-10-05,20.408960342407227,0
2021-10-06,20.657451629638672,0
2021-10-07,21.03167724609375,0
2021-10-08,20.788183212280277,0
2021-10-11,20.652462005615234,0
2021-10-12,20.628511428833008,-2
2021-10-13,20.895959854125977,0
2021-10-14,21.70129776000977,0
2021-10-15,21.817062377929688,0
2021-10-18,22.17632484436035,0
2021-10-19,22.244184494018555,0
2021-10-20,22.057565689086918,0
2021-10-21,22.645353317260746,0
2021-10-22,22.679283142089844,0
2021-10-25,23.11837577819824,0
2021-10-26,24.66619300842285,0
2021-10-27,24.40073585510254,0
2021-10-28,24.88973617553711,2
2021-10-29,25.51444435119629,0
2021-11-01,25.773910522460938,0
2021-11-02,26.34673118591309,0
2021-11-03,26.54332160949707,0
2021-11-04,29.739744186401367,0
2021-11-05,29.69084358215332,0
2021-11-08,30.74068260192871,0
2021-11-09,30.59398460388184,0
2021-11-10,29.3984432220459,0
2021-11-11,30.327533721923828,0
2021-11-12,30.327533721923828,0
2021-11-15,29.963285446166992,0
2021-11-16,30.140913009643555,0
2021-11-17,29.20085334777832,0
2021-11-18,31.60989189147949,0
2021-11-19,32.91719436645508,0
2021-11-22,31.89031410217285,0
2021-11-23,31.680742263793945,0
2021-11-24,32.60683822631836,0
2021-11-26,31.438241958618164,0
2021-11-29,33.30739974975586,0
2021-11-30,32.60883712768555,0
2021-12-01,31.37422180175781,0
2021-12-02,32.06389236450195,0
2021-12-03,30.6336612701416,0
2021-12-06,29.97892189025879,0
2021-12-07,32.36430358886719,0
2021-12-08,31.764467239379883,0
2021-12-09,30.43105125427246,0
2021-12-10,30.13961410522461,0
2021-12-13,28.10655212402344,0
2021-12-14,28.282215118408203,0
2021-12-15,30.400108337402344,0
2021-12-16,28.33211708068848,0
2021-12-17,27.747249603271484,0
2021-12-20,27.66540908813477,0
2021-12-21,29.01878929138184,0
2021-12-22,29.343156814575195,0
2021-12-23,29.58269500732422,0
2021-12-27,30.885173797607425,0
2021-12-28,30.263376235961918,0
2021-12-29,29.94300079345703,0
2021-12-30,29.52880096435547,0
2021-12-31,29.354135513305664,0
2022-01-03,30.06276512145996,0
2022-01-04,29.23337173461914,0
2022-01-05,27.55063247680664,-2
2022-01-06,28.123519897460938,0
2022-01-07,27.19432258605957,0
2022-01-10,27.347023010253903,0
2022-01-11,27.763219833374023,0
2022-01-12,27.944868087768555,0
2022-01-13,26.523622512817383,0
2022-01-14,26.88991355895996,0
2022-01-18,25.85292053222656,0
2022-01-19,25.018539428710938,0
2022-01-20,24.103309631347656,0
2022-01-21,23.32880401611328,0
2022-01-24,23.326814651489254,0
2022-01-25,22.280838012695312,0
2022-01-26,22.72797203063965,0
2022-01-27,21.90157127380371,0
2022-01-28,22.79584312438965,0
2022-01-31,24.43865776062012,0
2022-02-01,24.59036636352539,0
2022-02-02,25.19320106506348,0
2022-02-03,23.901700973510746,0
2022-02-04,24.2719841003418,0
2022-02-07,24.680191040039062,0
2022-02-08,25.059457778930664,0
2022-02-09,26.653366088867188,0
2022-02-10,25.77407455444336,0
2022-02-11,23.90269660949707,0
2022-02-14,24.220081329345703,0
2022-02-15,26.443777084350582,0
2022-02-16,26.45974540710449,0
2022-02-17,24.45961570739746,0
2022-02-18,23.596290588378903,0
2022-02-22,23.34477806091309,0
2022-02-23,22.34372329711914,0
2022-02-24,23.70208740234375,0
2022-02-25,24.110292434692383,0
2022-02-28,24.337852478027344,0
2022-03-01,23.431612014770508,0
2022-03-02,24.177289962768555,0
2022-03-03,23.672182083129883,0
2022-03-04,22.89555931091309,0
2022-03-07,21.314350128173828,0
2022-03-08,21.47606468200684,0
2022-03-09,22.97341728210449,0
2022-03-10,22.61804580688477,0
2022-03-11,22.061033248901367,0
2022-03-14,21.292387008666992,0
2022-03-15,22.9324893951416,0
2022-03-16,24.45281219482422,0
2022-03-17,24.72233390808105,0
2022-03-18,26.406354904174805,0
2022-03-21,26.686861038208008,0
2022-03-22,26.477230072021484,0
2022-03-23,25.58879852294922,0
2022-03-24,28.100364685058597,0
2022-03-25,27.643171310424805,0
2022-03-28,28.16924095153809,2
2022-03-29,28.605470657348636,0
2022-03-30,27.641176223754883,0
2022-03-31,27.23788833618164,0
2022-04-01,26.664899826049805,0
2022-04-04,27.311756134033203,0
2022-04-05,25.88527488708496,0
2022-04-06,24.363964080810547,0
2022-04-07,24.16531562805176,0
2022-04-08,23.07823371887207,0
2022-04-11,21.878353118896484,0
2022-04-12,21.46607780456543,0
2022-04-13,22.163848876953125,0
2022-04-14,21.22051239013672,0
2022-04-18,21.744590759277344,0
2022-04-19,22.15885353088379,0
2022-04-20,21.44412040710449,0
2022-04-21,20.147409439086918,0
2022-04-22,19.4805908203125,-2
2022-04-25,19.866912841796875,0
2022-04-26,18.75486946105957,0
2022-04-27,18.38252830505371,0
2022-04-28,19.747116088867188,0
2022-04-29,18.51429557800293,0
2022-05-02,19.498558044433597,0
2022-05-03,19.56743049621582,0
2022-05-04,20.298145294189453,0
2022-05-05,18.810771942138672,0
2022-05-06,18.642072677612305,0
2022-05-09,16.92011260986328,0
2022-05-10,17.563974380493164,0
2022-05-11,16.600671768188477,0
2022-05-12,16.146480560302734,0
2022-05-13,17.674781799316406,0
2022-05-16,17.23355484008789,0
2022-05-17,18.144947052001957,0
2022-05-18,16.908130645751953,0
2022-05-19,17.09381103515625,0
2022-05-20,16.664560317993164,0
2022-05-23,16.868202209472656,0
2022-05-24,16.125518798828125,0
2022-05-25,16.945068359375,0
2022-05-26,17.819522857666016,0
2022-05-27,18.77783203125,0
2022-05-31,18.63907623291016,0
2022-06-01,18.28769302368164,0
2022-06-02,19.557451248168945,0
2022-06-03,18.686992645263672,0
2022-06-06,18.752872467041016,0
2022-06-07,18.892627716064453,0
2022-06-08,18.619050979614254,0
2022-06-09,18.01998710632324,0
2022-06-10,16.947656631469727,0
2022-06-13,15.62271213531494,0
2022-06-14,15.811416625976562,0
2022-06-15,16.501346588134766,0
2022-06-16,15.57678508758545,0
2022-06-17,15.855351448059082,0
2022-06-21,16.540287017822266,0
2022-06-22,16.334606170654297,0
2022-06-23,16.199813842773438,0
2022-06-24,17.099411010742188,0
2022-06-27,16.842817306518555,0
2022-06-28,15.957192420959473,0
2022-06-29,15.517873764038086,0
2022-06-30,15.135469436645508,0
2022-07-01,14.500455856323242,0
2022-07-05,14.940770149230955,0
2022-07-06,15.106514930725098,0
2022-07-07,15.833383560180664,0
2022-07-08,15.81341552734375,0
2022-07-11,15.128479957580566,0
2022-07-12,15.058586120605469,0
2022-07-13,15.140460014343262,0
2022-07-14,15.348137855529783,0
2022-07-15,15.737533569335938,0
2022-07-18,16.076007843017578,0
2022-07-19,16.965620040893555,0
2022-07-20,17.77935791015625,0
2022-07-21,18.0219841003418,0
2022-07-22,17.292112350463867,0
2022-07-25,16.997568130493164,0
2022-07-26,16.50733757019043,0
2022-07-27,17.76238250732422,0
2022-07-28,17.956079483032227,0
2022-07-29,18.13480567932129,0
2022-08-01,18.412376403808597,0
2022-08-02,18.49724006652832,0
2022-08-03,18.863672256469727,0
2022-08-04,19.185171127319336,2
2022-08-05,18.959522247314453,0
2022-08-08,17.765380859375,0
2022-08-09,17.05948257446289,0
2022-08-10,18.06890869140625,0
2022-08-11,17.91415023803711,0
2022-08-12,18.67995834350586,0
2022-08-15,19.00246238708496,0
2022-08-16,18.849693298339844,0
2022-08-17,18.306537628173828,0
2022-08-18,18.743860244750977,0
2022-08-19,17.8212947845459,0
2022-08-22,17.00756072998047,0
2022-08-23,17.154327392578125,0
2022-08-24,17.195268630981445,0
2022-08-25,17.88519287109375,0
2022-08-26,16.23476219177246,0
2022-08-29,15.776469230651855,0
2022-08-30,15.443987846374512,0
2022-08-31,15.070569038391112,0
2022-09-01,13.915365219116213,0
2022-09-02,13.62581729888916,0
2022-09-06,13.444099426269531,0
2022-09-07,13.69678020477295,-2
2022-09-08,13.972434043884276,0
2022-09-09,14.368935585021973,0
2022-09-12,14.486787796020508,0
2022-09-13,13.114511489868164,0
2022-09-14,13.111517906188965,0
2022-09-15,12.912765502929688,0
2022-09-16,13.181428909301758,0
2022-09-19,13.365199089050291,0
2022-09-20,13.159456253051758,0
2022-09-21,13.24435043334961,0
2022-09-22,12.54522705078125,0
2022-09-23,12.500284194946287,0
2022-09-26,12.212646484375,0
2022-09-27,12.397414207458496,0
2022-09-28,12.720009803771973,0
2022-09-29,12.204657554626465,0
2022-09-30,12.123759269714355,0
2022-10-03,12.496291160583496,0
2022-10-04,13.150466918945312,0
2022-10-05,13.192415237426758,0
2022-10-06,13.11351203918457,0
2022-10-07,12.06083869934082,0
2022-10-10,11.65534782409668,0
2022-10-11,11.571453094482422,0
2022-10-12,11.485559463500977,0
2022-10-13,11.94498348236084,0
2022-10-14,11.212904930114746,0
2022-10-17,11.873071670532228,0
2022-10-18,11.951974868774414,0
2022-10-19,12.035866737365724,0
2022-10-20,12.178688049316406,0
2022-10-21,12.450346946716309,0
2022-10-24,12.583181381225586,0
2022-10-25,13.24435043334961,0
2022-10-26,12.879806518554688,0
2022-10-27,13.159456253051758,0
2022-10-28,13.816631317138672,0
2022-10-31,13.480052947998049,0
2022-11-01,13.525996208190918,0
2022-11-02,13.20240306854248,0
2022-11-03,13.404147148132324,0
2022-11-04,14.138223648071287,0
2022-11-07,14.28304386138916,0
2022-11-08,14.583666801452637,0
2022-11-09,13.758702278137209,0
2022-11-10,15.730224609375,2
2022-11-11,16.306499481201172,0
2022-11-14,16.274539947509766,0
2022-11-15,16.64507484436035,0
2022-11-16,15.890023231506348,0
2022-11-17,15.657315254211426,0
2022-11-18,15.389653205871582,0
2022-11-21,15.297767639160156,0
2022-11-22,16.017866134643555,0
2022-11-23,16.498258590698242,0
2022-11-25,16.249568939208984,0
2022-11-28,15.80712890625,0
2022-11-29,15.619362831115724,0
2022-11-30,16.906076431274414,0
2022-12-01,17.11786651611328,0
2022-12-02,16.859121322631836,0
2022-12-05,16.5933895111084,0
2022-12-06,15.9710111618042,0
2022-12-07,16.103883743286133,0
2022-12-08,17.151832580566406,0
2022-12-09,16.983999252319336,0
2022-12-12,17.5174617767334,0
2022-12-13,18.053930282592773,0
2022-12-14,17.656326293945312,0
2022-12-15,16.935043334960938,0
2022-12-16,16.55442237854004,0
2022-12-19,16.23774528503418,0
2022-12-20,16.068910598754883,0
2022-12-21,16.4844970703125,0
2022-12-22,15.323660850524902,0
2022-12-23,15.190793991088867,0
2022-12-27,14.106877326965332,0
2022-12-28,14.021965026855469,0
2022-12-29,14.588397026062012,0
2022-12-30,14.59938621520996,0
2023-01-03,14.300683975219728,0
2023-01-04,14.73425006866455,0
2023-01-05,14.250734329223633,0
2023-01-06,14.84414005279541,0
2023-01-09,15.612369537353516,0
2023-01-10,15.89309024810791,0
2023-01-11,15.984996795654297,-2
2023-01-12,16.494487762451172,0
2023-01-13,16.88210105895996,0
2023-01-17,17.684297561645508,0
2023-01-18,17.3596248626709,0
2023-01-19,16.748233795166016,0
2023-01-20,17.8211612701416,0
2023-01-23,19.17380714416504,0
2023-01-24,19.2457332611084,0
2023-01-25,19.303674697875977,0
2023-01-26,19.782197952270508,2
2023-01-27,20.34463119506836,0
2023-01-30,19.14283943176269,0
2023-01-31,19.5174617767334,0
2023-02-01,20.92205238342285,0
2023-02-02,21.68729019165039,0
2023-02-03,21.07889938354492,0
2023-02-06,21.06791114807129,0
2023-02-07,22.150827407836918,0
2023-02-08,22.18279266357422,0
2023-02-09,22.314659118652344,0
2023-02-10,21.24373435974121,0
2023-02-13,21.766210556030277,0
2023-02-14,22.94802665710449,0
2023-02-15,22.74123764038086,0
2023-02-16,21.979999542236328,0
2023-02-17,21.366607666015625,0
2023-02-21,20.63434600830078,0
2023-02-22,20.733243942260746,0
2023-02-23,23.64033317565918,0
2023-02-24,23.262710571289062,0
2023-02-27,23.47749710083008,0
2023-02-28,23.192781448364254,0
2023-03-01,22.675302505493164,0
2023-03-02,23.29068374633789,0
2023-03-03,23.866106033325195,0
2023-03-06,23.530445098876957,0
2023-03-07,23.268659591674805,0
2023-03-08,24.16092109680176,0
2023-03-09,23.416540145874023,0
2023-03-10,22.94592666625977,0
2023-03-13,22.94692611694336,0
2023-03-14,24.043018341064453,0
2023-03-15,24.207881927490234,0
2023-03-16,25.51978874206543,0
2023-03-17,25.703636169433597,0
2023-03-20,25.87849235534668,0
2023-03-21,26.177248001098636,0
2023-03-22,26.44602394104004,0
2023-03-23,27.168420791625977,0
2023-03-24,26.756765365600582,0
2023-03-27,26.50897216796875,0
2023-03-28,26.3880672454834,0
2023-03-29,26.96159172058105,0
2023-03-30,27.360265731811523,0
2023-03-31,27.75393486022949,0
2023-04-03,27.94177627563477,0
2023-04-04,27.430200576782227,0
2023-04-05,26.858680725097656,0
2023-04-06,27.01454734802246,0
2023-04-10,27.556100845336918,0
2023-04-11,27.14643859863281,0
2023-04-12,26.472997665405277,0
2023-04-13,26.44102478027344,0
2023-04-14,26.73577880859375,0
2023-04-17,26.97957992553711,0
2023-04-18,27.64402961730957,0
2023-04-19,27.907804489135746,0
2023-04-20,27.081491470336918,0
2023-04-21,27.09647750854492,0
2023-04-24,27.0195426940918,0
2023-04-25,26.219209671020508,0
2023-04-26,26.933612823486328,0
2023-04-27,27.203392028808597,0
2023-04-28,27.7259578704834,0
2023-05-01,28.8859920501709,0
2023-05-02,28.18657493591309,0
2023-05-03,27.77891159057617,0
2023-05-04,27.539112091064453,0
2023-05-05,28.656185150146484,0
2023-05-08,29.126789093017575,0
2023-05-09,28.547271728515625,0
2023-05-10,28.86101531982422,0
2023-05-11,28.55426979064941,0
2023-05-12,28.31646728515625,0
2023-05-15,28.928956985473636,0
2023-05-16,29.188743591308597,0
2023-05-17,30.15293884277344,0
2023-05-18,31.651695251464844,0
2023-05-19,31.238039016723636,0
2023-05-22,31.15011405944824,0
2023-05-23,30.66251373291016,0
2023-05-24,30.51264190673828,0
2023-05-25,37.94845962524414,0
2023-05-26,38.91366195678711,0
2023-05-30,40.07769393920898,0
2023-05-31,37.80258941650391,0
2023-06-01,39.73697662353516,0
2023-06-02,39.29434585571289,0
2023-06-05,39.13847351074219,0
2023-06-06,38.62190628051758,0
2023-06-07,37.447750091552734,0
2023-06-08,38.48199844360352,0
2023-06-09,38.74181365966797,0
2023-06-12,39.45330047607422,0
2023-06-13,40.992183685302734,0
2023-06-14,42.96574401855469,0
2023-06-15,42.62199783325195,0
2023-06-16,42.66096115112305,0
2023-06-20,43.77614974975586,0
2023-06-21,43.01370620727539,0
2023-06-22,42.99372100830078,0
2023-06-23,42.178314208984375,0
2023-06-26,40.60245895385742,0
2023-06-27,41.84555435180664,0
2023-06-28,41.087100982666016,0
2023-06-29,40.79232025146485,0
2023-06-30,42.27124786376953,0
2023-07-03,42.38215637207031,0
2023-07-05,42.28623580932617,0
2023-07-06,42.07239532470703,0
2023-07-07,42.47209548950195,0
2023-07-10,42.14933776855469,0
2023-07-11,42.37416458129883,0
2023-07-12,43.870079040527344,0
2023-07-13,45.94357299804688,0
2023-07-14,45.43594741821289,0
2023-07-17,46.42723083496094,0
2023-07-18,47.45947265625,0
2023-07-19,47.04277801513672,0
2023-07-20,45.48690414428711,0
2023-07-21,44.27678298950195,0
2023-07-24,44.57956314086914,0
2023-07-25,45.64579391479492,0
2023-07-26,45.4189567565918,0
2023-07-27,45.86663436889648,0
2023-07-28,46.71601486206055,0
2023-07-31,46.69503021240234,0
2023-08-01,46.47319030761719,0
2023-08-02,44.23681640625,0
2023-08-03,44.48263931274414,0
2023-08-04,44.64751815795898,0
2023-08-07,45.38398361206055,0
2023-08-08,44.63153076171875,0
2023-08-09,42.52306365966797,0
2023-08-10,42.35719299316406,0
2023-08-11,40.82530212402344,0
2023-08-14,43.72119140625,0
2023-08-15,43.90805435180664,0
2023-08-16,43.454383850097656,0
2023-08-17,43.31249237060547,0
2023-08-18,43.267520904541016,0
2023-08-21,46.9328498840332,0
2023-08-22,45.634796142578125,0
2023-08-23,47.08175659179688,0
2023-08-24,47.12871551513672,0
2023-08-25,45.98454666137695,0
2023-08-28,46.80095291137695,0
2023-08-29,48.74853515625,0
2023-08-30,49.22817993164063,0
2023-08-31,49.319122314453125,0
2023-09-01,48.473731994628906,0
2023-09-05,48.51271057128906,0
2023-09-06,47.03066253662109,0
2023-09-07,46.21118927001953,0
2023-09-08,45.54262161254883,0
2023-09-11,45.148868560791016,0
2023-09-12,44.84107208251953,0
2023-09-13,45.45567321777344,0
2023-09-14,45.55161666870117,0
2023-09-15,43.87169647216797,0
2023-09-18,43.93764877319336,0
2023-09-19,43.49193954467773,0
2023-09-20,42.21176910400391,0
2023-09-21,40.99056243896485,0
2023-09-22,41.58316802978516,0
2023-09-25,42.19478225708008,0
2023-09-26,41.88398361206055,0
2023-09-27,42.44062042236328,-2
2023-09-28,43.06121826171875,0
2023-09-29,43.47095489501953,0
2023-10-02,44.75312805175781,0
2023-10-03,43.48894500732422,0
2023-10-04,44.01260757446289,0
2023-10-05,44.6591911315918,0
2023-10-06,45.73249435424805,0
2023-10-09,45.24380493164063,0
2023-10-10,45.76847457885742,0
2023-10-11,46.775821685791016,0
2023-10-12,46.914737701416016,0
2023-10-13,45.43169403076172,0
2023-10-16,46.06528091430664,0
2023-10-17,43.90967559814453,0
2023-10-18,42.16879653930664,0
2023-10-19,42.0738639831543,0
2023-10-20,41.36031723022461,0
2023-10-23,42.947296142578125,0
2023-10-24,43.63484954833984,0
2023-10-25,41.7520637512207,0
2023-10-26,40.30000305175781,0
2023-10-27,40.47389221191406,0
2023-10-30,41.134464263916016,0
2023-10-31,40.75370788574219,0
2023-11-01,42.2977180480957,0
2023-11-02,43.47795104980469,0
2023-11-03,44.97598648071289,0
2023-11-06,45.72150421142578,0
2023-11-07,45.92537689208984,0
2023-11-08,46.543975830078125,0
2023-11-09,46.919734954833984,0
2023-11-10,48.30384063720703,0
2023-11-13,48.588653564453125,0
2023-11-14,49.62397766113281,0
2023-11-15,48.85648727416992,2
2023-11-16,49.44810485839844,0
2023-11-17,49.2662239074707,0
2023-11-20,50.376502990722656,0
2023-11-21,49.91180038452149,0
2023-11-22,48.6845932006836,0
2023-11-24,47.74520111083984,0
2023-11-27,48.21090316772461,0
2023-11-28,47.790164947509766,0
2023-11-29,48.10897064208984,0
2023-11-30,46.73985290527344,0
2023-12-01,46.7348518371582,0
2023-12-04,45.48065948486328,0
2023-12-05,46.54007339477539,0
2023-12-06,45.477657318115234,0
2023-12-07,46.57004928588867,0
2023-12-08,47.47954940795898,0
2023-12-11,46.60103988647461,0
2023-12-12,47.630470275878906,0
2023-12-13,48.061222076416016,0
2023-12-14,48.32307815551758,0
2023-12-15,48.86277770996094,0
2023-12-18,50.04911422729492,0
2023-12-19,49.57637786865234,0
2023-12-20,48.08421325683594,0
2023-12-21,48.96272277832031,0
2023-12-22,48.80281066894531,0
2023-12-26,49.251556396484375,0
2023-12-27,49.38948059082031,0
2023-12-28,49.49442672729492,0
2023-12-29,49.49442672729492,0
2024-01-02,48.14117813110352,0
2024-01-03,47.54251480102539,0
2024-01-04,47.97127914428711,0
2024-01-05,49.06966400146485,0
2024-01-08,52.22390365600586,0
2024-01-09,53.11041259765625,0
2024-01-10,54.31973648071289,0
2024-01-11,54.79147338867188,0
2024-01-12,54.67954254150391,0
2024-01-16,56.35060501098633,0
2024-01-17,56.02179336547852,0
2024-01-18,57.0752067565918,0
2024-01-19,59.45787048339844,0
2024-01-22,59.62078857421875,0
2024-01-23,59.83966445922852,0
2024-01-24,61.32782745361328,0
2024-01-25,61.58269119262695,0
2024-01-26,60.99701690673828,0
2024-01-29,62.43022155761719,0
2024-01-30,62.739044189453125,0
2024-01-31,61.49273681640625,0
2024-02-01,62.99190521240234,0
2024-02-02,66.12316131591797,0
2024-02-05,69.29340362548828,0
2024-02-06,68.18501281738281,0
2024-02-07,70.0599594116211,0
2024-02-08,69.60221099853516,0
2024-02-09,72.09284973144531,0
2024-02-12,72.20777130126953,0
2024-02-13,72.08785247802734,0
2024-02-14,73.85887145996094,0
2024-02-15,72.61754608154297,0
2024-02-16,72.57256317138672,0
2024-02-20,69.413330078125,0
2024-02-21,67.43444061279297,0
2024-02-22,78.49427795410156,0
2024-02-23,78.77311706542969,0
2024-02-26,79.0479736328125,0
2024-02-27,78.65718078613281,0
2024-02-28,77.6197509765625,0
2024-02-29,79.06795501708984,0
2024-03-01,82.23318481445312,0
2024-03-04,85.18953704833984,0
2024-03-05,85.920166015625,0
2024-03-06,88.65476989746094,0
2024-03-07,92.62173461914062,0
2024-03-08,87.48336791992188,0
2024-03-11,85.73026275634766,0
2024-03-12,91.86613464355467,0
2024-03-13,90.8416519165039,0
2024-03-14,87.8991470336914,0
2024-03-15,87.79220581054688,0
2024-03-18,88.40989685058594,0
2024-03-19,89.35242462158203,0
2024-03-20,90.32592010498048,0
2024-03-21,91.38836669921876,0
2024-03-22,94.24091339111328,0
2024-03-25,94.95355224609376,0
2024-03-26,92.51380920410156,0
2024-03-27,90.2039794921875,0
2024-03-28,90.30992126464844,0
2024-04-01,90.3169174194336,0
2024-04-02,89.40637969970703,0
2024-04-03,88.91864013671875,0
2024-04-04,85.8611831665039,0
2024-04-05,87.963134765625,0
2024-04-08,87.08856201171875,0
2024-04-09,85.31046295166016,0
2024-04-10,86.99461364746094,0
2024-04-11,90.56979370117188,0
2024-04-12,88.14103698730469,0
2024-04-15,85.9571533203125,0
2024-04-16,87.37042999267578,0
2024-04-17,83.99214172363281,0
2024-04-18,84.62782287597656,0
2024-04-19,76.16114807128906,0
2024-04-22,79.47745513916016,0
2024-04-23,82.38097381591797,0
2024-04-24,79.63636779785156,0
2024-04-25,82.58985900878906,0
2024-04-26,87.69027709960938,0
2024-04-29,87.7122573852539,0
2024-04-30,86.35795593261719,-2
2024-05-01,82.99864196777344,0
2024-05-02,85.77323913574219,0
2024-05-03,88.74372100830078,0
2024-05-06,92.093017578125,0
2024-05-07,90.50782012939452,0
2024-05-08,90.36589813232422,0
2024-05-09,88.7017593383789,0
2024-05-10,89.83216094970703,0
2024-05-13,90.35291290283205,0
2024-05-14,91.30941772460938,0
2024-05-15,94.5817413330078,0
2024-05-16,94.31088256835938,0
2024-05-17,92.4318389892578,0
2024-05-20,94.73168182373048,2
2024-05-21,95.33736419677734,0
2024-05-22,94.90157318115234,0
2024-05-23,103.74608612060548,0
2024-05-24,106.41470336914062,0
2024-05-28,113.8429183959961,0
2024-05-29,114.76644134521484,0
2024-05-30,110.44365692138672,0
2024-05-31,109.5771026611328,0
2024-06-03,114.94135284423828,0
2024-06-04,116.37763214111328,0
2024-06-05,122.37757110595705,0
2024-06-06,120.93629455566406,0
2024-06-07,120.82635498046876,0
2024-06-10,121.72789001464844,0
2024-06-11,120.85828399658205,0
2024-06-12,125.14643096923828,0
2024-06-13,129.55455017089844,0
2024-06-14,131.82357788085938,0
2024-06-17,130.92396545410156,0
2024-06-18,135.52198791503906,0
2024-06-20,130.7240447998047,0
2024-06-21,126.5158462524414,0
2024-06-24,118.05946350097656,0
2024-06-25,126.03605651855467,0
2024-06-26,126.3459243774414,0
2024-06-27,123.93695068359376,0
2024-06-28,123.48714447021484,0
2024-07-01,124.246826171875,0
2024-07-02,122.61752319335938,0
2024-07-03,128.22511291503906,0
2024-07-05,125.77617645263672,0
2024-07-08,128.1451416015625,0
2024-07-09,131.3238067626953,0
2024-07-10,134.852294921875,0
2024-07-11,127.34549713134766,0
2024-07-12,129.18472290039062,0
2024-07-15,128.38504028320312,0
2024-07-16,126.30593872070312,0
2024-07-17,117.93950653076172,0
2024-07-18,121.0381851196289,0
2024-07-19,117.87955474853516,0
2024-07-22,123.48714447021484,0
2024-07-23,122.53755950927734,0
2024-07-24,114.20111083984376,0
2024-07-25,112.2319564819336,0
2024-07-26,113.01163482666016,0
2024-07-29,111.54225158691406,0
2024-07-30,103.68562316894533,0
2024-07-31,116.9699249267578,0
2024-08-01,109.16327667236328,0
2024-08-02,107.2240982055664,-2
2024-08-05,100.4070281982422,0
2024-08-06,104.20539093017578,0
2024-08-07,98.86768341064452,0
2024-08-08,104.92508697509766,0
2024-08-09,104.70519256591795,0
2024-08-12,108.97335052490234,0
2024-08-13,116.0903091430664,0
2024-08-14,118.02947998046876,0
2024-08-15,122.80743408203124,0
2024-08-16,124.52670288085938,0
2024-08-19,129.94439697265625,0
2024-08-20,127.19557189941406,0
2024-08-21,128.4450225830078,0
2024-08-22,123.6870574951172,0
2024-08-23,129.3146514892578,0
2024-08-26,126.40589141845705,0
2024-08-27,128.2451171875,0
2024-08-28,125.55626678466795,0
2024-08-29,117.53968811035156,0
2024-08-30,119.31893920898438,0
2024-09-03,107.95379638671876,0
2024-09-04,106.16455841064452,0
2024-09-05,107.16413116455078,0
2024-09-06,102.78600311279295,2
2024-09-09,106.42444610595705,0
2024-09-10,108.05374145507812,0
2024-09-11,116.85997772216795,0
2024-09-12,119.0992202758789,0
2024-09-13,119.0592269897461,0
2024-09-16,116.74002075195312,0
2024-09-17,115.55043029785156,0
2024-09-18,113.33119201660156,0
2024-09-19,117.82964324951172,-2
2024-09-20,115.96028900146484,0
2024-09-23,116.22020721435548,0
2024-09-24,120.82862091064452,0
2024-09-25,123.46772003173828,0
2024-09-26,123.9975357055664,0
2024-09-27,121.3584442138672,0
2024-09-30,121.39842987060548,0
2024-10-01,116.9599380493164,0
2024-10-02,118.80931854248048,2
2024-10-03,122.80794525146484,0
2024-10-04,124.8772430419922,0
2024-10-07,127.67628479003906,0
2024-10-08,132.84449768066406,0
2024-10-09,132.60458374023438,0
2024-10-10,134.76385498046875,0
2024-10-11,134.7538604736328,0
2024-10-14,138.0227508544922,0
2024-10-15,131.55496215820312,0
2024-10-16,135.6735382080078,0
2024-10-17,136.88311767578125,0
2024-10-18,137.9527587890625,0
2024-10-21,143.6608123779297,0
2024-10-22,143.5408477783203,0
2024-10-23,139.51222229003906,0
2024-10-24,140.3619384765625,0
2024-10-25,141.49154663085938,0
2024-10-28,140.47189331054688,0
2024-10-29,141.20164489746094,0
2024-10-30,139.29229736328125,0
2024-10-31,132.7145538330078,0
2024-11-01,135.35365295410156,0
2024-11-04,136.00343322753906,0
2024-11-05,139.8621063232422,0
2024-11-06,145.56015014648438,0
2024-11-07,148.8290557861328,0
2024-11-08,147.57945251464844,0
2024-11-11,145.21026611328125,0
2024-11-12,148.2392120361328,0
2024-11-13,146.2199249267578,0
2024-11-14,146.7097625732422,0
2024-11-15,141.93138122558594,0
2024-11-18,140.1020050048828,0
2024-11-19,146.9596710205078,0
2024-11-20,145.84005737304688,0
2024-11-21,146.6197967529297,0
2024-11-22,141.9014129638672,0
2024-11-25,135.9734344482422,0
2024-11-26,136.8731231689453,0
2024-11-27,135.2936553955078,0
2024-11-29,138.2026824951172,0
2024-12-02,138.58255004882812,0
2024-12-03,140.2119903564453,0
2024-12-04,145.09033203125,0
2024-12-05,145.0203399658203,0
2024-12-06,142.40106201171875,0
2024-12-09,138.77203369140625,0
2024-12-10,135.03306579589844,0
2024-12-11,139.2718963623047,0
2024-12-12,137.3024444580078,0
2024-12-13,134.21328735351562,0
2024-12-16,131.96389770507812,0
2024-12-17,130.35433959960938,-2
2024-12-18,128.874755859375,0
2024-12-19,130.6442413330078,0
2024-12-20,134.6631622314453,0
2024-12-23,139.6317901611328,0
2024-12-24,140.18165588378906,0
2024-12-26,139.8917236328125,0
2024-12-27,136.9725341796875,0
2024-12-30,137.452392578125,0
2024-12-31,134.25328063964844,0
2025-01-02,138.27218627929688,0
2025-01-03,144.4304962158203,0
2025-01-06,149.38912963867188,0
2025-01-07,140.10166931152344,0
2025-01-08,140.07168579101562,0
2025-01-10,135.8728485107422,0
2025-01-13,133.19357299804688,0
2025-01-14,131.7239532470703,0
2025-01-15,136.2027587890625,0
2025-01-16,133.53347778320312,0
2025-01-17,137.67234802246094,0
2025-01-21,140.79148864746094,0
2025-01-22,147.02980041503906,0
2025-01-23,147.17974853515625,0
2025-01-24,142.5810089111328,0
2025-01-27,118.38761901855467,0
2025-01-28,128.95472717285156,0
2025-01-29,123.66616821289062,0
2025-01-30,124.6159210205078,0
2025-01-31,120.03717041015624,0
2025-02-03,116.62810516357422,0
2025-02-04,118.6175537109375,0
2025-02-05,124.79586029052734,0
2025-02-06,128.6448211669922,0
2025-02-07,129.8044891357422,0
2025-02-10,133.53347778320312,0
2025-02-11,132.76368713378906,0
2025-02-12,131.10414123535156,0
2025-02-13,135.25299072265625,0
2025-02-14,138.81202697753906,0
2025-02-18,139.36187744140625,0
2025-02-19,139.19192504882812,0
2025-02-20,140.07168579101562,0
2025-02-21,134.3932342529297,0
2025-02-24,130.244384765625,0
2025-02-25,126.59537506103516,0
2025-02-26,131.24411010742188,0
2025-02-27,120.11714935302734,0
2025-02-28,124.88583374023438,0
2025-03-03,114.02880859375,0
2025-03-04,115.95828247070312,0
2025-03-05,117.26792907714844,0
2025-03-06,110.53976440429688,0
2025-03-07,112.65918731689452,0
2025-03-10,106.95074462890624,0
2025-03-11,108.73025512695312,0
2025-03-12,115.718994140625,0
2025-03-13,115.55902862548828,0
2025-03-14,121.64791870117188,0
2025-03-17,119.50830841064452,0
2025-03-18,115.4090576171875,0
2025-03-19,117.49867248535156,0
2025-03-20,118.50848388671876,0
2025-03-21,117.67863464355467,0
2025-03-24,121.38796997070312,0
2025-03-25,120.66809844970705,0
2025-03-26,113.7393569946289,0
2025-03-27,111.40978240966795,0
2025-03-28,109.6501007080078,0
2025-03-31,108.3603286743164,0
2025-04-01,110.13001251220705,0
2025-04-02,110.39995574951172,0
2025-04-03,101.78153228759766,0
2025-04-04,94.29288482666016,0
2025-04-07,97.62227630615234,0
2025-04-08,96.28252410888672,0
2025-04-09,114.30925750732422,0
2025-04-10,107.55047607421876,0
2025-04-11,110.9098663330078,0
2025-04-14,110.68990325927734,0
2025-04-15,112.17963409423828,0
2025-04-16,104.47103881835938,0
2025-04-17,101.47157287597656,0
2025-04-21,96.89241790771484,0
2025-04-22,98.8720474243164,0
2025-04-23,102.6913604736328,0
2025-04-24,106.41067504882812,0
2025-04-25,110.98986053466795,0
2025-04-28,108.71026611328124,0
2025-04-29,109.00020599365234,0
2025-04-30,108.90023040771484,0
2025-05-01,111.5897445678711,0
2025-05-02,114.4792251586914,0
2025-05-05,113.7993392944336,0
2025-05-06,113.51940155029295,0
2025-05-07,117.03875732421876,0
2025-05-08,117.34870910644533,0
2025-05-09,116.62882995605467,0
2025-05-12,122.97767639160156,0
2025-05-13,129.9064178466797,0
2025-05-14,135.3154296875,2
2025-05-15,134.80552673339844,0
2025-05-16,135.37542724609375,0
2025-05-19,135.54539489746094,0
2025-05-20,134.35562133789062,0
2025-05-21,131.7760772705078,0
2025-05-22,132.80589294433594,0
2025-05-23,131.26617431640625,0
2025-05-27,135.47540283203125,0
2025-05-28,134.78553771972656,0
2025-05-29,139.1647491455078,0
2025-05-30,135.10548400878906,0
2025-06-02,137.35507202148438,0
2025-06-03,141.19436645507812,0
2025-06-04,141.8942413330078,0
2025-06-05,139.964599609375,0
2025-06-06,141.69427490234375,0
2025-06-09,142.6041259765625,0
2025-06-10,143.9338836669922,0
2025-06-11,142.81399536132812,0
2025-06-12,144.98374938964844,0
2025-06-13,141.95408630371094,0
2025-06-16,144.6737823486328,0
2025-06-17,144.1038360595703,0
2025-06-18,145.46368408203125,0
2025-06-20,143.83387756347656,0
2025-06-23,144.15383911132812,0
2025-06-24,147.88340759277344,0
2025-06-25,154.29270935058594,0
2025-06-26,155.00262451171875,0
2025-06-27,157.73231506347656,0
2025-06-30,157.97230529785156,0
2025-07-01,153.2828369140625,0
2025-07-02,157.2323760986328,0
2025-07-03,159.3221435546875,0
2025-07-07,158.22227478027344,0
2025-07-08,159.98207092285156,0
2025-07-09,162.86175537109375,0
2025-07-10,164.0816192626953,0
2025-07-11,164.90151977539062,0
2025-07-14,164.05162048339844,0
2025-07-15,170.6808624267578,0
2025-07-16,171.35079956054688,0
2025-07-17,172.98062133789062,0
2025-07-18,172.39068603515625,0
2025-07-21,171.36080932617188,0
2025-07-22,167.01129150390625,0
2025-07-23,170.7608642578125,0
2025-07-24,173.7205352783203,0
2025-07-25,173.48056030273438,0
2025-07-28,176.73019409179688,0
2025-07-29,175.49032592773438,0
2025-07-30,179.2499237060547,0
2025-07-31,177.85006713867188,0
2025-08-01,173.70053100585938,0
2025-08-04,179.97982788085938,0
2025-08-05,178.24002075195312,0
2025-08-06,179.39988708496094,0
2025-08-07,180.74974060058597,0
2025-08-08,182.6795196533203,0
2025-08-11,182.0395965576172,0
2025-08-12,183.1394805908203,0
2025-08-13,181.56964111328125,0
2025-08-14,181.9996032714844,0
2025-08-15,180.4297790527344,0
2025-08-18,181.98959350585935,0
2025-08-19,175.6203155517578,0
2025-08-20,175.38034057617188,0
2025-08-21,174.96038818359375,0
2025-08-22,177.97006225585938,0
2025-08-25,179.78985595703125,0
2025-08-26,181.7496337890625,0
2025-08-27,181.57965087890625,0
2025-08-28,180.1498107910156,0
2025-08-29,174.1604766845703,0
2025-09-02,170.7608642578125,0
2025-09-03,170.60089111328125,0
2025-09-04,171.64077758789062,0
2025-09-05,167.0012969970703,0
2025-09-08,168.2911376953125,0
2025-09-09,170.74085998535156,0
2025-09-10,177.3101348876953,0
2025-09-11,177.16014099121094,0
2025-09-12,177.8101043701172,0
2025-09-15,177.74009704589844,0
2025-09-16,174.87026977539062,0
2025-09-17,170.280517578125,-2
2025-09-18,176.23019409179688,0
2025-09-19,176.66015625,0
2025-09-22,183.5997772216797,0
2025-09-23,178.42005920410156,0
2025-09-24,176.96014404296875,0
2025-09-25,177.68011474609375,0
2025-09-26,178.18008422851562,0
2025-09-29,181.8398895263672,0
2025-09-30,186.56961059570312,0
2025-10-01,187.2295837402344,0
2025-10-02,188.8794860839844,0
2025-10-03,187.6095428466797,2
2025-10-06,185.5296630859375,0
2025-10-07,185.0296936035156,0
2025-10-08,189.09947204589844,0
2025-10-09,192.5592803955078,0
2025-10-10,183.1498107910156,0
2025-10-13,188.3095245361328,0
2025-10-14,180.0199737548828,0
2025-10-15,179.8199920654297,0
2025-10-16,181.7998809814453,0
2025-10-17,183.20980834960935,0
2025-10-20,182.6298370361328,0
2025-10-21,181.14991760253903,0
2025-10-22,180.26995849609372,0
2025-10-23,182.1498565673828,0
2025-10-24,186.24961853027344,0
2025-10-27,191.47933959960935,0
2025-10-28,201.0188140869141,0
2025-10-29,207.02847290039065,0
2025-10-30,202.8787078857422,0
2025-10-31,202.47872924804688,0
2025-11-03,206.8684844970703,0
2025-11-04,198.67893981933597,0
2025-11-05,195.1991424560547,0
2025-11-06,188.0695343017578,0
2025-11-07,188.1395263671875,0
2025-11-10,199.03892517089844,0
2025-11-11,193.1492462158203,0
2025-11-12,193.78921508789065,0
2025-11-13,186.8495941162109,0
2025-11-14,190.15940856933597,0
2025-11-17,186.5896148681641,0
2025-11-18,181.3498992919922,0
2025-11-19,186.50961303710935,0
2025-11-20,180.62994384765625,0
2025-11-21,178.8700408935547,0
2025-11-24,182.5398406982422,0
2025-11-25,177.8101043701172,0
2025-11-26,180.2499542236328,0
2025-11-28,176.99014282226562,0
2025-12-01,179.9099884033203,0
2025-12-02,181.4499053955078,-2
2025-12-03,179.5800018310547,0
2025-12-04,183.3800048828125,0
2025-12-05,182.41000366210935,0
2025-12-08,185.5500030517578,0
2025-12-09,184.97000122070312,0
2025-12-10,183.77999877929688,0
2025-12-11,180.92999267578125,0
2025-12-12,175.02000427246094,0
2025-12-15,176.2899932861328,0
2025-12-16,177.72000122070312,0
2025-12-17,170.94000244140625,0
2025-12-18,174.13999938964844,0
2025-12-19,180.9900054931641,0
2025-12-22,183.69000244140625,0
2025-12-23,189.2100067138672,0
2025-12-24,188.6100006103516,0
2025-12-26,190.52999877929688,0
2025-12-29,188.22000122070312,0
2025-12-30,187.5399932861328,0
2025-12-31,186.5,0
